Simulation,Pathway,ATB_Scenario,NPV,Technology
1,B3,Advanced,16031259780.9424,Coal
1,B3,Moderate,16162462685.3494,Coal
1,B3,Conservative,16296210706.4635,Coal
1,B3,Advanced,2840640757.77005,Wood
1,B3,Moderate,2840640757.77005,Wood
1,B3,Conservative,2840640757.77005,Wood
1,B3,Advanced,57349951053.0623,Gas_CC
1,B3,Moderate,57783457176.1882,Gas_CC
1,B3,Conservative,58207027861.5907,Gas_CC
1,B3,Advanced,9313302705.32051,Gas_CT
1,B3,Moderate,9313302705.32051,Gas_CT
1,B3,Conservative,9313302705.32051,Gas_CT
1,B3,Advanced,5305077485.91322,Oil
1,B3,Moderate,5305077485.91322,Oil
1,B3,Conservative,5305077485.91322,Oil
2,C2,Advanced,17776539099.6623,Coal
2,C2,Moderate,17924080262.7122,Coal
2,C2,Conservative,18074525345.4088,Coal
2,C2,Advanced,3112059615.08293,Wood
2,C2,Moderate,3112059615.08293,Wood
2,C2,Conservative,3112059615.08293,Wood
2,C2,Advanced,66761874564.3205,Gas_CC
2,C2,Moderate,67250130737.9535,Gas_CC
2,C2,Conservative,67728705906.082,Gas_CC
2,C2,Advanced,10006128916.7524,Gas_CT
2,C2,Moderate,10006128916.7524,Gas_CT
2,C2,Conservative,10006128916.7524,Gas_CT
2,C2,Advanced,5776864651.71011,Oil
2,C2,Moderate,5776864651.71011,Oil
2,C2,Conservative,5776864651.71011,Oil
3,B1,Advanced,15616973315.2934,Coal
3,B1,Moderate,15744929900.5589,Coal
3,B1,Conservative,15875335860.7019,Coal
3,B1,Advanced,2764933498.75255,Wood
3,B1,Moderate,2764933498.75255,Wood
3,B1,Conservative,2764933498.75255,Wood
3,B1,Advanced,55614197061.9361,Gas_CC
3,B1,Moderate,56038805894.1921,Gas_CC
3,B1,Conservative,56453203923.3701,Gas_CC
3,B1,Advanced,9108268475.34081,Gas_CT
3,B1,Moderate,9108268475.34081,Gas_CT
3,B1,Conservative,9108268475.34081,Gas_CT
3,B1,Advanced,5245730666.3511,Oil
3,B1,Moderate,5245730666.3511,Oil
3,B1,Conservative,5245730666.3511,Oil
4,B3,Advanced,16053760093.0126,Coal
4,B3,Moderate,16185225165.8669,Coal
4,B3,Conservative,16319194822.8435,Coal
4,B3,Advanced,2844112769.06614,Wood
4,B3,Moderate,2844112769.06614,Wood
4,B3,Conservative,2844112769.06614,Wood
4,B3,Advanced,57290568579.4943,Gas_CC
4,B3,Moderate,57723618261.7641,Gas_CC
4,B3,Conservative,58146620906.6343,Gas_CC
4,B3,Advanced,9331463039.27384,Gas_CT
4,B3,Moderate,9331463039.27384,Gas_CT
4,B3,Conservative,9331463039.27384,Gas_CT
4,B3,Advanced,5390941046.47557,Oil
4,B3,Moderate,5390941046.47557,Oil
4,B3,Conservative,5390941046.47557,Oil
5,A,Advanced,91351621311.4355,Coal
5,A,Moderate,93769759983.2734,Coal
5,A,Conservative,96190757546.6574,Coal
5,A,Advanced,13170520499.9902,Wood
5,A,Moderate,13170520499.9902,Wood
5,A,Conservative,13170520499.9902,Wood
5,A,Advanced,245130061629.363,Gas_CC
5,A,Moderate,248129103538.465,Gas_CC
5,A,Conservative,251129598080.753,Gas_CC
5,A,Advanced,31752038069.9818,Gas_CT
5,A,Moderate,31752038069.9818,Gas_CT
5,A,Conservative,31752038069.9818,Gas_CT
5,A,Advanced,45170429807.4126,Oil
5,A,Moderate,45170429807.4126,Oil
5,A,Conservative,45170429807.4126,Oil
6,B2,Advanced,16841389062.7667,Coal
6,B2,Moderate,16980289289.2713,Coal
6,B2,Conservative,17121912102.7379,Coal
6,B2,Advanced,3032342579.38376,Wood
6,B2,Moderate,3032342579.38376,Wood
6,B2,Conservative,3032342579.38376,Wood
6,B2,Advanced,65757858974.8381,Gas_CC
6,B2,Moderate,66262471114.5923,Gas_CC
6,B2,Conservative,66757133004.5885,Gas_CC
6,B2,Advanced,9844025463.96672,Gas_CT
6,B2,Moderate,9844025463.96672,Gas_CT
6,B2,Conservative,9844025463.96672,Gas_CT
6,B2,Advanced,5612792137.8479,Oil
6,B2,Moderate,5612792137.8479,Oil
6,B2,Conservative,5612792137.8479,Oil
7,B1,Advanced,15637186510.1339,Coal
7,B1,Moderate,15764553057.5983,Coal
7,B1,Conservative,15894379336.8704,Coal
7,B1,Advanced,2773327835.91411,Wood
7,B1,Moderate,2773327835.91411,Wood
7,B1,Conservative,2773327835.91411,Wood
7,B1,Advanced,55630361581.9449,Gas_CC
7,B1,Moderate,56055096751.265,Gas_CC
7,B1,Conservative,56469223965.7126,Gas_CC
7,B1,Advanced,9132044324.01361,Gas_CT
7,B1,Moderate,9132044324.01361,Gas_CT
7,B1,Conservative,9132044324.01361,Gas_CT
7,B1,Advanced,5237501716.5652,Oil
7,B1,Moderate,5237501716.5652,Oil
7,B1,Conservative,5237501716.5652,Oil
8,B1,Advanced,15537613887.5041,Coal
8,B1,Moderate,15664149537.4426,Coal
8,B1,Conservative,15793144298.923,Coal
8,B1,Advanced,2770276782.20575,Wood
8,B1,Moderate,2770276782.20575,Wood
8,B1,Conservative,2770276782.20575,Wood
8,B1,Advanced,55670893602.1657,Gas_CC
8,B1,Moderate,56096140181.6594,Gas_CC
8,B1,Conservative,56510824349.1773,Gas_CC
8,B1,Advanced,9118204311.49927,Gas_CT
8,B1,Moderate,9118204311.49927,Gas_CT
8,B1,Conservative,9118204311.49927,Gas_CT
8,B1,Advanced,5246108808.94894,Oil
8,B1,Moderate,5246108808.94894,Oil
8,B1,Conservative,5246108808.94894,Oil
9,B2,Advanced,16878319817.7404,Coal
9,B2,Moderate,17017391599.9083,Coal
9,B2,Conservative,17159203742.0134,Coal
9,B2,Advanced,3034761824.68416,Wood
9,B2,Moderate,3034761824.68416,Wood
9,B2,Conservative,3034761824.68416,Wood
9,B2,Advanced,65777772328.6985,Gas_CC
9,B2,Moderate,66282047813.6463,Gas_CC
9,B2,Conservative,66776044822.5556,Gas_CC
9,B2,Advanced,9838886713.01556,Gas_CT
9,B2,Moderate,9838886713.01556,Gas_CT
9,B2,Conservative,9838886713.01556,Gas_CT
9,B2,Advanced,5558042607.95051,Oil
9,B2,Moderate,5558042607.95051,Oil
9,B2,Conservative,5558042607.95051,Oil
10,C2,Advanced,17731817816.4136,Coal
10,C2,Moderate,17878991028.5385,Coal
10,C2,Conservative,18029056241.2024,Coal
10,C2,Advanced,3110116300.34157,Wood
10,C2,Moderate,3110116300.34157,Wood
10,C2,Conservative,3110116300.34157,Wood
10,C2,Advanced,66788085682.3492,Gas_CC
10,C2,Moderate,67276881762.8585,Gas_CC
10,C2,Conservative,67756166616.4942,Gas_CC
10,C2,Advanced,10011525092.7636,Gas_CT
10,C2,Moderate,10011525092.7636,Gas_CT
10,C2,Conservative,10011525092.7636,Gas_CT
10,C2,Advanced,5756311710.60573,Oil
10,C2,Moderate,5756311710.60573,Oil
10,C2,Conservative,5756311710.60573,Oil
91,C2,Advanced,17664648754.549,Coal
91,C2,Moderate,17811467565.3504,Coal
91,C2,Conservative,17961194039.7641,Coal
91,C2,Advanced,3117980287.41647,Wood
91,C2,Moderate,3117980287.41647,Wood
91,C2,Conservative,3117980287.41647,Wood
91,C2,Advanced,66687338648.0542,Gas_CC
91,C2,Moderate,67175487886.9315,Gas_CC
91,C2,Conservative,67654291428.4368,Gas_CC
91,C2,Advanced,10000121157.9126,Gas_CT
91,C2,Moderate,10000121157.9126,Gas_CT
91,C2,Conservative,10000121157.9126,Gas_CT
91,C2,Advanced,5719776975.63096,Oil
91,C2,Moderate,5719776975.63096,Oil
91,C2,Conservative,5719776975.63096,Oil
92,C1,Advanced,21457106034.716,Coal
92,C1,Moderate,21640710984.2332,Coal
92,C1,Conservative,21827936005.6416,Coal
92,C1,Advanced,2798458977.98924,Wood
92,C1,Moderate,2798458977.98924,Wood
92,C1,Conservative,2798458977.98924,Wood
92,C1,Advanced,65020389077.2609,Gas_CC
92,C1,Moderate,65363050672.5613,Gas_CC
92,C1,Conservative,65691466679.1345,Gas_CC
92,C1,Advanced,9300973637.55389,Gas_CT
92,C1,Moderate,9300973637.55389,Gas_CT
92,C1,Conservative,9300973637.55389,Gas_CT
92,C1,Advanced,6651571432.30049,Oil
92,C1,Moderate,6651571432.30049,Oil
92,C1,Conservative,6651571432.30049,Oil
93,A,Advanced,91308123524.8185,Coal
93,A,Moderate,93723343587.5322,Coal
93,A,Conservative,96141392322.6183,Coal
93,A,Advanced,13180126040.8001,Wood
93,A,Moderate,13180126040.8001,Wood
93,A,Conservative,13180126040.8001,Wood
93,A,Advanced,245096684559.785,Gas_CC
93,A,Moderate,248095582546.582,Gas_CC
93,A,Conservative,251095699331.179,Gas_CC
93,A,Advanced,31720569075.6568,Gas_CT
93,A,Moderate,31720569075.6568,Gas_CT
93,A,Conservative,31720569075.6568,Gas_CT
93,A,Advanced,45164950259.2455,Oil
93,A,Moderate,45164950259.2455,Oil
93,A,Conservative,45164950259.2455,Oil
94,D,Advanced,48305160109.7746,Coal
94,D,Moderate,49170951553.2772,Coal
94,D,Conservative,50037382941.525,Coal
94,D,Advanced,6845065565.49478,Wood
94,D,Moderate,6845065565.49478,Wood
94,D,Conservative,6845065565.49478,Wood
94,D,Advanced,80856632412.7931,Gas_CC
94,D,Moderate,81464654550.2258,Gas_CC
94,D,Conservative,82070172343.7456,Gas_CC
94,D,Advanced,16031981001.2946,Gas_CT
94,D,Moderate,16031981001.2946,Gas_CT
94,D,Conservative,16031981001.2946,Gas_CT
94,D,Advanced,23239605751.8783,Oil
94,D,Moderate,23239605751.8783,Oil
94,D,Conservative,23239605751.8783,Oil
95,A,Advanced,91412895492.3241,Coal
95,A,Moderate,93830304012.727,Coal
95,A,Conservative,96250573713.9786,Coal
95,A,Advanced,13183708064.5757,Wood
95,A,Moderate,13183708064.5757,Wood
95,A,Conservative,13183708064.5757,Wood
95,A,Advanced,245077404082.712,Gas_CC
95,A,Moderate,248075912904.674,Gas_CC
95,A,Conservative,251075647082.296,Gas_CC
95,A,Advanced,31771786822.402,Gas_CT
95,A,Moderate,31771786822.402,Gas_CT
95,A,Conservative,31771786822.402,Gas_CT
95,A,Advanced,45135324380.7685,Oil
95,A,Moderate,45135324380.7685,Oil
95,A,Conservative,45135324380.7685,Oil
96,C2,Advanced,17691216044.3404,Coal
96,C2,Moderate,17838143150.4412,Coal
96,C2,Conservative,17987984558.4088,Coal
96,C2,Advanced,3110615148.38572,Wood
96,C2,Moderate,3110615148.38572,Wood
96,C2,Conservative,3110615148.38572,Wood
96,C2,Advanced,66641419935.6042,Gas_CC
96,C2,Moderate,67128836719.0103,Gas_CC
96,C2,Conservative,67606861928.3364,Gas_CC
96,C2,Advanced,9982003741.30922,Gas_CT
96,C2,Moderate,9982003741.30922,Gas_CT
96,C2,Conservative,9982003741.30922,Gas_CT
96,C2,Advanced,5748772166.93004,Oil
96,C2,Moderate,5748772166.93004,Oil
96,C2,Conservative,5748772166.93004,Oil
11,C2,Advanced,17636016463.4385,Coal
11,C2,Moderate,17782478658.306,Coal
11,C2,Conservative,17931799097.7444,Coal
11,C2,Advanced,3109914097.91505,Wood
11,C2,Moderate,3109914097.91505,Wood
11,C2,Conservative,3109914097.91505,Wood
11,C2,Advanced,66712172084.08,Gas_CC
11,C2,Moderate,67200076448.0811,Gas_CC
11,C2,Conservative,67678692125.3316,Gas_CC
11,C2,Advanced,9987200801.90753,Gas_CT
11,C2,Moderate,9987200801.90753,Gas_CT
11,C2,Conservative,9987200801.90753,Gas_CT
11,C2,Advanced,5779377261.20636,Oil
11,C2,Moderate,5779377261.20636,Oil
11,C2,Conservative,5779377261.20636,Oil
12,C1,Advanced,21419187960.7643,Coal
12,C1,Moderate,21602294660.7149,Coal
12,C1,Conservative,21789012734.2887,Coal
12,C1,Advanced,2790201240.70435,Wood
12,C1,Moderate,2790201240.70435,Wood
12,C1,Conservative,2790201240.70435,Wood
12,C1,Advanced,64988733021.6862,Gas_CC
12,C1,Moderate,65331263540.3322,Gas_CC
12,C1,Conservative,65659566386.1615,Gas_CC
12,C1,Advanced,9302726063.42063,Gas_CT
12,C1,Moderate,9302726063.42063,Gas_CT
12,C1,Conservative,9302726063.42063,Gas_CT
12,C1,Advanced,6700157906.76126,Oil
12,C1,Moderate,6700157906.76126,Oil
12,C1,Conservative,6700157906.76126,Oil
13,A,Advanced,91408828951.5196,Coal
13,A,Moderate,93828203109.9423,Coal
13,A,Conservative,96250377099.3792,Coal
13,A,Advanced,13183481190.9525,Wood
13,A,Moderate,13183481190.9525,Wood
13,A,Conservative,13183481190.9525,Wood
13,A,Advanced,245131736067.623,Gas_CC
13,A,Moderate,248130582931.676,Gas_CC
13,A,Conservative,251130837863.343,Gas_CC
13,A,Advanced,31727582203.732,Gas_CT
13,A,Moderate,31727582203.732,Gas_CT
13,A,Conservative,31727582203.732,Gas_CT
13,A,Advanced,45060735649.2921,Oil
13,A,Moderate,45060735649.2921,Oil
13,A,Conservative,45060735649.2921,Oil
14,A,Advanced,91297897495.9972,Coal
14,A,Moderate,93714528283.069,Coal
14,A,Conservative,96134006771.8585,Coal
14,A,Advanced,13173139049.944,Wood
14,A,Moderate,13173139049.944,Wood
14,A,Conservative,13173139049.944,Wood
14,A,Advanced,245161504370.263,Gas_CC
14,A,Moderate,248160644046.39,Gas_CC
14,A,Conservative,251161124874.758,Gas_CC
14,A,Advanced,31755773450.9641,Gas_CT
14,A,Moderate,31755773450.9641,Gas_CT
14,A,Conservative,31755773450.9641,Gas_CT
14,A,Advanced,45038946828.6331,Oil
14,A,Moderate,45038946828.6331,Oil
14,A,Conservative,45038946828.6331,Oil
15,B3,Advanced,15900117332.5311,Coal
15,B3,Moderate,16030531597.8914,Coal
15,B3,Conservative,16163463914.7051,Coal
15,B3,Advanced,2843256978.42563,Wood
15,B3,Moderate,2843256978.42563,Wood
15,B3,Conservative,2843256978.42563,Wood
15,B3,Advanced,57285288520.1462,Gas_CC
15,B3,Moderate,57718155108.4938,Gas_CC
15,B3,Conservative,58141366234.7763,Gas_CC
15,B3,Advanced,9315778140.90882,Gas_CT
15,B3,Moderate,9315778140.90882,Gas_CT
15,B3,Conservative,9315778140.90882,Gas_CT
15,B3,Advanced,5387317189.9529,Oil
15,B3,Moderate,5387317189.9529,Oil
15,B3,Conservative,5387317189.9529,Oil
16,B2,Advanced,16900398487.4939,Coal
16,B2,Moderate,17040153732.7885,Coal
16,B2,Conservative,17182643288.7146,Coal
16,B2,Advanced,3043346299.68036,Wood
16,B2,Moderate,3043346299.68036,Wood
16,B2,Conservative,3043346299.68036,Wood
16,B2,Advanced,65850508004.7507,Gas_CC
16,B2,Moderate,66356029287.0408,Gas_CC
16,B2,Conservative,66851386654.7593,Gas_CC
16,B2,Advanced,9853383820.66275,Gas_CT
16,B2,Moderate,9853383820.66275,Gas_CT
16,B2,Conservative,9853383820.66275,Gas_CT
16,B2,Advanced,5581174574.18122,Oil
16,B2,Moderate,5581174574.18122,Oil
16,B2,Conservative,5581174574.18122,Oil
17,D,Advanced,48419953557.3039,Coal
17,D,Moderate,49291119050.3423,Coal
17,D,Conservative,50162851064.7771,Coal
17,D,Advanced,6850507265.97794,Wood
17,D,Moderate,6850507265.97794,Wood
17,D,Conservative,6850507265.97794,Wood
17,D,Advanced,80881030225.7399,Gas_CC
17,D,Moderate,81488937879.2068,Gas_CC
17,D,Conservative,82094448561.0143,Gas_CC
17,D,Advanced,16026047442.8173,Gas_CT
17,D,Moderate,16026047442.8173,Gas_CT
17,D,Conservative,16026047442.8173,Gas_CT
17,D,Advanced,23230163828.7919,Oil
17,D,Moderate,23230163828.7919,Oil
17,D,Conservative,23230163828.7919,Oil
18,C3,Advanced,16031259780.9424,Coal
18,C3,Moderate,16162462685.3494,Coal
18,C3,Conservative,16296210706.4635,Coal
18,C3,Advanced,2703903883.30592,Wood
18,C3,Moderate,2703903883.30592,Wood
18,C3,Conservative,2703903883.30592,Wood
18,C3,Advanced,53363130830.9089,Gas_CC
18,C3,Moderate,53749591997.4025,Gas_CC
18,C3,Conservative,54126369396.6268,Gas_CC
18,C3,Advanced,8916433297.03305,Gas_CT
18,C3,Moderate,8916433297.03305,Gas_CT
18,C3,Conservative,8916433297.03305,Gas_CT
18,C3,Advanced,5271283835.83803,Oil
18,C3,Moderate,5271283835.83803,Oil
18,C3,Conservative,5271283835.83803,Oil
19,C1,Advanced,21332788387.1663,Coal
19,C1,Moderate,21515240673.7044,Coal
19,C1,Conservative,21701289561.8904,Coal
19,C1,Advanced,2791398839.5408,Wood
19,C1,Moderate,2791398839.5408,Wood
19,C1,Conservative,2791398839.5408,Wood
19,C1,Advanced,65010896760.0127,Gas_CC
19,C1,Moderate,65353467511.1627,Gas_CC
19,C1,Conservative,65681769559.3818,Gas_CC
19,C1,Advanced,9306622555.25669,Gas_CT
19,C1,Moderate,9306622555.25669,Gas_CT
19,C1,Conservative,9306622555.25669,Gas_CT
19,C1,Advanced,6642613150.60708,Oil
19,C1,Moderate,6642613150.60708,Oil
19,C1,Conservative,6642613150.60708,Oil
20,C3,Advanced,16053760093.0126,Coal
20,C3,Moderate,16185225165.8669,Coal
20,C3,Conservative,16319194822.8435,Coal
20,C3,Advanced,2704769898.42572,Wood
20,C3,Moderate,2704769898.42572,Wood
20,C3,Conservative,2704769898.42572,Wood
20,C3,Advanced,53291278437.7712,Gas_CC
20,C3,Moderate,53677163657.3761,Gas_CC
20,C3,Conservative,54053293039.808,Gas_CC
20,C3,Advanced,8933104843.80748,Gas_CT
20,C3,Moderate,8933104843.80748,Gas_CT
20,C3,Conservative,8933104843.80748,Gas_CT
20,C3,Advanced,5356538329.61912,Oil
20,C3,Moderate,5356538329.61912,Oil
20,C3,Conservative,5356538329.61912,Oil
21,D,Advanced,48589320590.9112,Coal
21,D,Moderate,49464509564.1466,Coal
21,D,Conservative,50340265831.6623,Coal
21,D,Advanced,6862860624.6505,Wood
21,D,Moderate,6862860624.6505,Wood
21,D,Conservative,6862860624.6505,Wood
21,D,Advanced,80866973229.8532,Gas_CC
21,D,Moderate,81474881042.0255,Gas_CC
21,D,Conservative,82080339347.2728,Gas_CC
21,D,Advanced,16035594381.8883,Gas_CT
21,D,Moderate,16035594381.8883,Gas_CT
21,D,Conservative,16035594381.8883,Gas_CT
21,D,Advanced,23235838540.444,Oil
21,D,Moderate,23235838540.444,Oil
21,D,Conservative,23235838540.444,Oil
22,C1,Advanced,21474227507.6136,Coal
22,C1,Moderate,21657997033.5733,Coal
22,C1,Conservative,21845375238.3451,Coal
22,C1,Advanced,2795527806.26161,Wood
22,C1,Moderate,2795527806.26161,Wood
22,C1,Conservative,2795527806.26161,Wood
22,C1,Advanced,64983382557.9432,Gas_CC
22,C1,Moderate,65325831634.7388,Gas_CC
22,C1,Conservative,65654038417.387,Gas_CC
22,C1,Advanced,9283416254.38661,Gas_CT
22,C1,Moderate,9283416254.38661,Gas_CT
22,C1,Conservative,9283416254.38661,Gas_CT
22,C1,Advanced,6695270372.48316,Oil
22,C1,Moderate,6695270372.48316,Oil
22,C1,Conservative,6695270372.48316,Oil
23,D,Advanced,48454450485.1879,Coal
23,D,Moderate,49327776300.4534,Coal
23,D,Conservative,50201666028.4493,Coal
23,D,Advanced,6859549065.96412,Wood
23,D,Moderate,6859549065.96412,Wood
23,D,Conservative,6859549065.96412,Wood
23,D,Advanced,80847618895.0881,Gas_CC
23,D,Moderate,81455115118.5241,Gas_CC
23,D,Conservative,82060297669.428,Gas_CC
23,D,Advanced,16027405546.9688,Gas_CT
23,D,Moderate,16027405546.9688,Gas_CT
23,D,Conservative,16027405546.9688,Gas_CT
23,D,Advanced,23295371343.1523,Oil
23,D,Moderate,23295371343.1523,Oil
23,D,Conservative,23295371343.1523,Oil
24,C3,Advanced,15900117332.5311,Coal
24,C3,Moderate,16030531597.8914,Coal
24,C3,Conservative,16163463914.7051,Coal
24,C3,Advanced,2705946575.77907,Wood
24,C3,Moderate,2705946575.77907,Wood
24,C3,Conservative,2705946575.77907,Wood
24,C3,Advanced,53317488383.2866,Gas_CC
24,C3,Moderate,53703564111.6428,Gas_CC
24,C3,Conservative,54080208140.649,Gas_CC
24,C3,Advanced,8920772108.12151,Gas_CT
24,C3,Moderate,8920772108.12151,Gas_CT
24,C3,Conservative,8920772108.12151,Gas_CT
24,C3,Advanced,5353457063.16542,Oil
24,C3,Moderate,5353457063.16542,Oil
24,C3,Conservative,5353457063.16542,Oil
25,D,Advanced,48498865853.7336,Coal
25,D,Moderate,49370675010.5431,Coal
25,D,Conservative,50243075367.2129,Coal
25,D,Advanced,6853226580.88854,Wood
25,D,Moderate,6853226580.88854,Wood
25,D,Conservative,6853226580.88854,Wood
25,D,Advanced,80851434844.9326,Gas_CC
25,D,Moderate,81459005656.9231,Gas_CC
25,D,Conservative,82064360469.0492,Gas_CC
25,D,Advanced,16027912635.9117,Gas_CT
25,D,Moderate,16027912635.9117,Gas_CT
25,D,Conservative,16027912635.9117,Gas_CT
25,D,Advanced,23308422516.5942,Oil
25,D,Moderate,23308422516.5942,Oil
25,D,Conservative,23308422516.5942,Oil
26,D,Advanced,48206879955.401,Coal
26,D,Moderate,49072150411.3394,Coal
26,D,Conservative,49937943825.0457,Coal
26,D,Advanced,6837232098.29937,Wood
26,D,Moderate,6837232098.29937,Wood
26,D,Conservative,6837232098.29937,Wood
26,D,Advanced,80874367886.6409,Gas_CC
26,D,Moderate,81482360743.8395,Gas_CC
26,D,Conservative,82087969180.0753,Gas_CC
26,D,Advanced,16037055984.49,Gas_CT
26,D,Moderate,16037055984.49,Gas_CT
26,D,Conservative,16037055984.49,Gas_CT
26,D,Advanced,23244029875.4743,Oil
26,D,Moderate,23244029875.4743,Oil
26,D,Conservative,23244029875.4743,Oil
27,C2,Advanced,17646885344.855,Coal
27,C2,Moderate,17793342173.705,Coal
27,C2,Conservative,17942678993.0145,Coal
27,C2,Advanced,3102953951.39533,Wood
27,C2,Moderate,3102953951.39533,Wood
27,C2,Conservative,3102953951.39533,Wood
27,C2,Advanced,66748712779.391,Gas_CC
27,C2,Moderate,67236647924.93,Gas_CC
27,C2,Conservative,67715225599.2955,Gas_CC
27,C2,Advanced,10029120065.6959,Gas_CT
27,C2,Moderate,10029120065.6959,Gas_CT
27,C2,Conservative,10029120065.6959,Gas_CT
27,C2,Advanced,5804029755.86009,Oil
27,C2,Moderate,5804029755.86009,Oil
27,C2,Conservative,5804029755.86009,Oil
28,B2,Advanced,16790482060.2388,Coal
28,B2,Moderate,16928884571.8423,Coal
28,B2,Conservative,17070018389.3253,Coal
28,B2,Advanced,3033671570.9539,Wood
28,B2,Moderate,3033671570.9539,Wood
28,B2,Conservative,3033671570.9539,Wood
28,B2,Advanced,65772589003.701,Gas_CC
28,B2,Moderate,66276901662.6626,Gas_CC
28,B2,Conservative,66771272892.3772,Gas_CC
28,B2,Advanced,9873466876.52896,Gas_CT
28,B2,Moderate,9873466876.52896,Gas_CT
28,B2,Conservative,9873466876.52896,Gas_CT
28,B2,Advanced,5620777745.93241,Oil
28,B2,Moderate,5620777745.93241,Oil
28,B2,Conservative,5620777745.93241,Oil
29,C3,Advanced,16002796652.8904,Coal
29,C3,Moderate,16133704713.5569,Coal
29,C3,Conservative,16267148780.2978,Coal
29,C3,Advanced,2717659722.61405,Wood
29,C3,Moderate,2717659722.61405,Wood
29,C3,Conservative,2717659722.61405,Wood
29,C3,Advanced,53293209042.5753,Gas_CC
29,C3,Moderate,53679012939.7254,Gas_CC
29,C3,Conservative,54055090556.3745,Gas_CC
29,C3,Advanced,8899460138.69034,Gas_CT
29,C3,Moderate,8899460138.69034,Gas_CT
29,C3,Conservative,8899460138.69034,Gas_CT
29,C3,Advanced,5292884506.94777,Oil
29,C3,Moderate,5292884506.94777,Oil
29,C3,Conservative,5292884506.94777,Oil
30,D,Advanced,48194014388.5952,Coal
30,D,Moderate,49061771780.863,Coal
30,D,Conservative,49930025288.002,Coal
30,D,Advanced,6868049149.5278,Wood
30,D,Moderate,6868049149.5278,Wood
30,D,Conservative,6868049149.5278,Wood
30,D,Advanced,80851810734.5249,Gas_CC
30,D,Moderate,81459506951.8262,Gas_CC
30,D,Conservative,82064844343.2286,Gas_CC
30,D,Advanced,16041858543.3396,Gas_CT
30,D,Moderate,16041858543.3396,Gas_CT
30,D,Conservative,16041858543.3396,Gas_CT
30,D,Advanced,23313634605.3154,Oil
30,D,Moderate,23313634605.3154,Oil
30,D,Conservative,23313634605.3154,Oil
31,C1,Advanced,21365357872.0404,Coal
31,C1,Moderate,21547889468.3319,Coal
31,C1,Conservative,21734030692.1524,Coal
31,C1,Advanced,2795544867.49152,Wood
31,C1,Moderate,2795544867.49152,Wood
31,C1,Conservative,2795544867.49152,Wood
31,C1,Advanced,65003367910.2713,Gas_CC
31,C1,Moderate,65345965238.1219,Gas_CC
31,C1,Conservative,65674500094.3779,Gas_CC
31,C1,Advanced,9300702021.31152,Gas_CT
31,C1,Moderate,9300702021.31152,Gas_CT
31,C1,Conservative,9300702021.31152,Gas_CT
31,C1,Advanced,6684350486.26673,Oil
31,C1,Moderate,6684350486.26673,Oil
31,C1,Conservative,6684350486.26673,Oil
32,C2,Advanced,17662930221.2207,Coal
32,C2,Moderate,17809425606.6005,Coal
32,C2,Conservative,17958823125.0783,Coal
32,C2,Advanced,3110686174.13194,Wood
32,C2,Moderate,3110686174.13194,Wood
32,C2,Conservative,3110686174.13194,Wood
32,C2,Advanced,66776861980.5557,Gas_CC
32,C2,Moderate,67265198340.2437,Gas_CC
32,C2,Conservative,67744043247.5765,Gas_CC
32,C2,Advanced,9980328509.28948,Gas_CT
32,C2,Moderate,9980328509.28948,Gas_CT
32,C2,Conservative,9980328509.28948,Gas_CT
32,C2,Advanced,5778642151.84999,Oil
32,C2,Moderate,5778642151.84999,Oil
32,C2,Conservative,5778642151.84999,Oil
33,B3,Advanced,16052556733.8428,Coal
33,B3,Moderate,16184061743.385,Coal
33,B3,Conservative,16318101981.7658,Coal
33,B3,Advanced,2845014477.51374,Wood
33,B3,Moderate,2845014477.51374,Wood
33,B3,Conservative,2845014477.51374,Wood
33,B3,Advanced,57326489587.0205,Gas_CC
33,B3,Moderate,57759637070.5526,Gas_CC
33,B3,Conservative,58183216831.5481,Gas_CC
33,B3,Advanced,9311426222.35193,Gas_CT
33,B3,Moderate,9311426222.35193,Gas_CT
33,B3,Conservative,9311426222.35193,Gas_CT
33,B3,Advanced,5326820935.20652,Oil
33,B3,Moderate,5326820935.20652,Oil
33,B3,Conservative,5326820935.20652,Oil
34,B3,Advanced,16002796652.8904,Coal
34,B3,Moderate,16133704713.5569,Coal
34,B3,Conservative,16267148780.2978,Coal
34,B3,Advanced,2849236080.80167,Wood
34,B3,Moderate,2849236080.80167,Wood
34,B3,Conservative,2849236080.80167,Wood
34,B3,Advanced,57291309824.3152,Gas_CC
34,B3,Moderate,57724154550.0796,Gas_CC
34,B3,Conservative,58147041655.9054,Gas_CC
34,B3,Advanced,9297536746.38907,Gas_CT
34,B3,Moderate,9297536746.38907,Gas_CT
34,B3,Conservative,9297536746.38907,Gas_CT
34,B3,Advanced,5325409623.46724,Oil
34,B3,Moderate,5325409623.46724,Oil
34,B3,Conservative,5325409623.46724,Oil
35,A,Advanced,91515470423.4655,Coal
35,A,Moderate,93934174287.4464,Coal
35,A,Conservative,96355720229.7056,Coal
35,A,Advanced,13177500672.8753,Wood
35,A,Moderate,13177500672.8753,Wood
35,A,Conservative,13177500672.8753,Wood
35,A,Advanced,245118903359.794,Gas_CC
35,A,Moderate,248117866174.934,Gas_CC
35,A,Conservative,251118370184.569,Gas_CC
35,A,Advanced,31735303015.2626,Gas_CT
35,A,Moderate,31735303015.2626,Gas_CT
35,A,Conservative,31735303015.2626,Gas_CT
35,A,Advanced,45137311939.6069,Oil
35,A,Moderate,45137311939.6069,Oil
35,A,Conservative,45137311939.6069,Oil
36,C2,Advanced,17655029625.0246,Coal
36,C2,Moderate,17801726285.7982,Coal
36,C2,Conservative,17951295294.7839,Coal
36,C2,Advanced,3114165334.87917,Wood
36,C2,Moderate,3114165334.87917,Wood
36,C2,Conservative,3114165334.87917,Wood
36,C2,Advanced,66770769961.8461,Gas_CC
36,C2,Moderate,67259260657.7593,Gas_CC
36,C2,Conservative,67738489039.2977,Gas_CC
36,C2,Advanced,10020133508.9502,Gas_CT
36,C2,Moderate,10020133508.9502,Gas_CT
36,C2,Conservative,10020133508.9502,Gas_CT
36,C2,Advanced,5769828106.90733,Oil
36,C2,Moderate,5769828106.90733,Oil
36,C2,Conservative,5769828106.90733,Oil
37,C1,Advanced,21541761081.7529,Coal
37,C1,Moderate,21726257382.7809,Coal
37,C1,Conservative,21914384157.8377,Coal
37,C1,Advanced,2796199397.8463,Wood
37,C1,Moderate,2796199397.8463,Wood
37,C1,Conservative,2796199397.8463,Wood
37,C1,Advanced,64981717288.8413,Gas_CC
37,C1,Moderate,65324221141.3754,Gas_CC
37,C1,Conservative,65652617609.5505,Gas_CC
37,C1,Advanced,9313410595.75352,Gas_CT
37,C1,Moderate,9313410595.75352,Gas_CT
37,C1,Conservative,9313410595.75352,Gas_CT
37,C1,Advanced,6648029772.38714,Oil
37,C1,Moderate,6648029772.38714,Oil
37,C1,Conservative,6648029772.38714,Oil
38,C3,Advanced,15952996493.9249,Coal
38,C3,Moderate,16083934995.6338,Coal
38,C3,Conservative,16217385023.5112,Coal
38,C3,Advanced,2721098413.32925,Wood
38,C3,Moderate,2721098413.32925,Wood
38,C3,Conservative,2721098413.32925,Wood
38,C3,Advanced,53294242050.1723,Gas_CC
38,C3,Moderate,53679932799.2579,Gas_CC
38,C3,Conservative,54056036713.9682,Gas_CC
38,C3,Advanced,8929905676.83877,Gas_CT
38,C3,Moderate,8929905676.83877,Gas_CT
38,C3,Conservative,8929905676.83877,Gas_CT
38,C3,Advanced,5319016766.8961,Oil
38,C3,Moderate,5319016766.8961,Oil
38,C3,Conservative,5319016766.8961,Oil
39,B1,Advanced,15576344595.0796,Coal
39,B1,Moderate,15703540921.2154,Coal
39,B1,Conservative,15833180925.7655,Coal
39,B1,Advanced,2773498978.40174,Wood
39,B1,Moderate,2773498978.40174,Wood
39,B1,Conservative,2773498978.40174,Wood
39,B1,Advanced,55599721247.4043,Gas_CC
39,B1,Moderate,56024058862.5552,Gas_CC
39,B1,Conservative,56438000997.9762,Gas_CC
39,B1,Advanced,9118495540.87268,Gas_CT
39,B1,Moderate,9118495540.87268,Gas_CT
39,B1,Conservative,9118495540.87268,Gas_CT
39,B1,Advanced,5259916194.49794,Oil
39,B1,Moderate,5259916194.49794,Oil
39,B1,Conservative,5259916194.49794,Oil
40,B1,Advanced,15601012801.1024,Coal
40,B1,Moderate,15728531589.6755,Coal
40,B1,Conservative,15858512042.174,Coal
40,B1,Advanced,2783012813.20977,Wood
40,B1,Moderate,2783012813.20977,Wood
40,B1,Conservative,2783012813.20977,Wood
40,B1,Advanced,55627996894.011,Gas_CC
40,B1,Moderate,56052631744.29,Gas_CC
40,B1,Conservative,56466725484.7815,Gas_CC
40,B1,Advanced,9104763385.37421,Gas_CT
40,B1,Moderate,9104763385.37421,Gas_CT
40,B1,Conservative,9104763385.37421,Gas_CT
40,B1,Advanced,5225244239.00691,Oil
40,B1,Moderate,5225244239.00691,Oil
40,B1,Conservative,5225244239.00691,Oil
41,B2,Advanced,16824350982.8272,Coal
41,B2,Moderate,16963194100.5359,Coal
41,B2,Conservative,17104768727.7718,Coal
41,B2,Advanced,3036617639.58489,Wood
41,B2,Moderate,3036617639.58489,Wood
41,B2,Conservative,3036617639.58489,Wood
41,B2,Advanced,65819910522.0189,Gas_CC
41,B2,Moderate,66325133020.1892,Gas_CC
41,B2,Conservative,66820194136.3637,Gas_CC
41,B2,Advanced,9843391672.82911,Gas_CT
41,B2,Moderate,9843391672.82911,Gas_CT
41,B2,Conservative,9843391672.82911,Gas_CT
41,B2,Advanced,5622124713.92754,Oil
41,B2,Moderate,5622124713.92754,Oil
41,B2,Conservative,5622124713.92754,Oil
42,B1,Advanced,15643905844.9253,Coal
42,B1,Moderate,15771826152.4726,Coal
42,B1,Conservative,15902226213.153,Coal
42,B1,Advanced,2767103152.99669,Wood
42,B1,Moderate,2767103152.99669,Wood
42,B1,Conservative,2767103152.99669,Wood
42,B1,Advanced,55655228409.3985,Gas_CC
42,B1,Moderate,56080173934.165,Gas_CC
42,B1,Conservative,56494962863.6227,Gas_CC
42,B1,Advanced,9105515371.63229,Gas_CT
42,B1,Moderate,9105515371.63229,Gas_CT
42,B1,Conservative,9105515371.63229,Gas_CT
42,B1,Advanced,5278085820.78224,Oil
42,B1,Moderate,5278085820.78224,Oil
42,B1,Conservative,5278085820.78224,Oil
43,C1,Advanced,21527437158.7156,Coal
43,C1,Moderate,21711362268.8453,Coal
43,C1,Conservative,21898931984.2223,Coal
43,C1,Advanced,2799992243.65101,Wood
43,C1,Moderate,2799992243.65101,Wood
43,C1,Conservative,2799992243.65101,Wood
43,C1,Advanced,64979721479.7784,Gas_CC
43,C1,Moderate,65322201369.844,Gas_CC
43,C1,Conservative,65650612944.2784,Gas_CC
43,C1,Advanced,9301586522.52574,Gas_CT
43,C1,Moderate,9301586522.52574,Gas_CT
43,C1,Conservative,9301586522.52574,Gas_CT
43,C1,Advanced,6691401888.01377,Oil
43,C1,Moderate,6691401888.01377,Oil
43,C1,Conservative,6691401888.01377,Oil
44,A,Advanced,91552617402.426,Coal
44,A,Moderate,93971072194.4275,Coal
44,A,Conservative,96392379170.1734,Coal
44,A,Advanced,13173673300.0329,Wood
44,A,Moderate,13173673300.0329,Wood
44,A,Conservative,13173673300.0329,Wood
44,A,Advanced,245107150935.951,Gas_CC
44,A,Moderate,248106115357.938,Gas_CC
44,A,Conservative,251106383954.672,Gas_CC
44,A,Advanced,31747305456.7602,Gas_CT
44,A,Moderate,31747305456.7602,Gas_CT
44,A,Conservative,31747305456.7602,Gas_CT
44,A,Advanced,45217970565.0093,Oil
44,A,Moderate,45217970565.0093,Oil
44,A,Conservative,45217970565.0093,Oil
45,A,Advanced,91535488366.7091,Coal
45,A,Moderate,93954487719.1232,Coal
45,A,Conservative,96376330236.1087,Coal
45,A,Advanced,13172886920.2138,Wood
45,A,Moderate,13172886920.2138,Wood
45,A,Conservative,13172886920.2138,Wood
45,A,Advanced,245094067058.494,Gas_CC
45,A,Moderate,248092894683.708,Gas_CC
45,A,Conservative,251093134062.193,Gas_CC
45,A,Advanced,31727775797.9481,Gas_CT
45,A,Moderate,31727775797.9481,Gas_CT
45,A,Conservative,31727775797.9481,Gas_CT
45,A,Advanced,45199945011.6753,Oil
45,A,Moderate,45199945011.6753,Oil
45,A,Conservative,45199945011.6753,Oil
46,C3,Advanced,16052556733.8428,Coal
46,C3,Moderate,16184061743.385,Coal
46,C3,Conservative,16318101981.7658,Coal
46,C3,Advanced,2705721506.60971,Wood
46,C3,Moderate,2705721506.60971,Wood
46,C3,Conservative,2705721506.60971,Wood
46,C3,Advanced,53353032400.8844,Gas_CC
46,C3,Moderate,53739361868.2109,Gas_CC
46,C3,Conservative,54116308121.4752,Gas_CC
46,C3,Advanced,8913639712.48879,Gas_CT
46,C3,Moderate,8913639712.48879,Gas_CT
46,C3,Conservative,8913639712.48879,Gas_CT
46,C3,Advanced,5294196049.84352,Oil
46,C3,Moderate,5294196049.84352,Oil
46,C3,Conservative,5294196049.84352,Oil
47,B3,Advanced,15952996493.9249,Coal
47,B3,Moderate,16083934995.6338,Coal
47,B3,Conservative,16217385023.5112,Coal
47,B3,Advanced,2854896609.00656,Wood
47,B3,Moderate,2854896609.00656,Wood
47,B3,Conservative,2854896609.00656,Wood
47,B3,Advanced,57290803052.5803,Gas_CC
47,B3,Moderate,57723694048.5835,Gas_CC
47,B3,Conservative,58146748721.1366,Gas_CC
47,B3,Advanced,9338175856.82562,Gas_CT
47,B3,Moderate,9338175856.82562,Gas_CT
47,B3,Conservative,9338175856.82562,Gas_CT
47,B3,Advanced,5352298312.77471,Oil
47,B3,Moderate,5352298312.77471,Oil
47,B3,Conservative,5352298312.77471,Oil
48,B2,Advanced,16906180497.9006,Coal
48,B2,Moderate,17045555932.9512,Coal
48,B2,Conservative,17187684647.7589,Coal
48,B2,Advanced,3038910233.46138,Wood
48,B2,Moderate,3038910233.46138,Wood
48,B2,Conservative,3038910233.46138,Wood
48,B2,Advanced,65810566476.2019,Gas_CC
48,B2,Moderate,66315563612.9978,Gas_CC
48,B2,Conservative,66810809769.8376,Gas_CC
48,B2,Advanced,9842497277.40892,Gas_CT
48,B2,Moderate,9842497277.40892,Gas_CT
48,B2,Conservative,9842497277.40892,Gas_CT
48,B2,Advanced,5606284748.39006,Oil
48,B2,Moderate,5606284748.39006,Oil
48,B2,Conservative,5606284748.39006,Oil
49,C1,Advanced,21478379362.0114,Coal
49,C1,Moderate,21662169723.7735,Coal
49,C1,Conservative,21849606533.5594,Coal
49,C1,Advanced,2798572637.53091,Wood
49,C1,Moderate,2798572637.53091,Wood
49,C1,Conservative,2798572637.53091,Wood
49,C1,Advanced,64987120326.728,Gas_CC
49,C1,Moderate,65329707172.7625,Gas_CC
49,C1,Conservative,65658083105.4118,Gas_CC
49,C1,Advanced,9276525407.26413,Gas_CT
49,C1,Moderate,9276525407.26413,Gas_CT
49,C1,Conservative,9276525407.26413,Gas_CT
49,C1,Advanced,6716915090.37685,Oil
49,C1,Moderate,6716915090.37685,Oil
49,C1,Conservative,6716915090.37685,Oil
50,B3,Advanced,15980666518.7482,Coal
50,B3,Moderate,16111836146.4229,Coal
50,B3,Conservative,16245527647.7101,Coal
50,B3,Advanced,2848193400.06125,Wood
50,B3,Moderate,2848193400.06125,Wood
50,B3,Conservative,2848193400.06125,Wood
50,B3,Advanced,57191526129.6995,Gas_CC
50,B3,Moderate,57623815055.3436,Gas_CC
50,B3,Conservative,58046295576.3542,Gas_CC
50,B3,Advanced,9286141839.672,Gas_CT
50,B3,Moderate,9286141839.672,Gas_CT
50,B3,Conservative,9286141839.672,Gas_CT
50,B3,Advanced,5360102529.63408,Oil
50,B3,Moderate,5360102529.63408,Oil
50,B3,Conservative,5360102529.63408,Oil
51,C1,Advanced,21458248016.2037,Coal
51,C1,Moderate,21641889253.2859,Coal
51,C1,Conservative,21829146043.7617,Coal
51,C1,Advanced,2788064455.38164,Wood
51,C1,Moderate,2788064455.38164,Wood
51,C1,Conservative,2788064455.38164,Wood
51,C1,Advanced,65012658535.809,Gas_CC
51,C1,Moderate,65355285631.082,Gas_CC
51,C1,Conservative,65683846146.9152,Gas_CC
51,C1,Advanced,9278108577.83676,Gas_CT
51,C1,Moderate,9278108577.83676,Gas_CT
51,C1,Conservative,9278108577.83676,Gas_CT
51,C1,Advanced,6659562047.84111,Oil
51,C1,Moderate,6659562047.84111,Oil
51,C1,Conservative,6659562047.84111,Oil
52,C2,Advanced,17718982904.2806,Coal
52,C2,Moderate,17866094454.2463,Coal
52,C2,Conservative,18016131701.4569,Coal
52,C2,Advanced,3116269093.97629,Wood
52,C2,Moderate,3116269093.97629,Wood
52,C2,Conservative,3116269093.97629,Wood
52,C2,Advanced,66700102370.1979,Gas_CC
52,C2,Moderate,67188101714.9725,Gas_CC
52,C2,Conservative,67666723745.8909,Gas_CC
52,C2,Advanced,9981103134.55722,Gas_CT
52,C2,Moderate,9981103134.55722,Gas_CT
52,C2,Conservative,9981103134.55722,Gas_CT
52,C2,Advanced,5776299649.91559,Oil
52,C2,Moderate,5776299649.91559,Oil
52,C2,Conservative,5776299649.91559,Oil
53,C2,Advanced,17607010139.8178,Coal
53,C2,Moderate,17753018509.2685,Coal
53,C2,Conservative,17901916180.7028,Coal
53,C2,Advanced,3110117314.04494,Wood
53,C2,Moderate,3110117314.04494,Wood
53,C2,Conservative,3110117314.04494,Wood
53,C2,Advanced,66650680944.8484,Gas_CC
53,C2,Moderate,67138360293.1132,Gas_CC
53,C2,Conservative,67616510520.2268,Gas_CC
53,C2,Advanced,9973432123.17243,Gas_CT
53,C2,Moderate,9973432123.17243,Gas_CT
53,C2,Conservative,9973432123.17243,Gas_CT
53,C2,Advanced,5725930187.05272,Oil
53,C2,Moderate,5725930187.05272,Oil
53,C2,Conservative,5725930187.05272,Oil
54,B2,Advanced,16937546970.608,Coal
54,B2,Moderate,17077497834.805,Coal
54,B2,Conservative,17220230763.9445,Coal
54,B2,Advanced,3033761045.55429,Wood
54,B2,Moderate,3033761045.55429,Wood
54,B2,Conservative,3033761045.55429,Wood
54,B2,Advanced,65747763673.8086,Gas_CC
54,B2,Moderate,66252635394.1912,Gas_CC
54,B2,Conservative,66747472392.6284,Gas_CC
54,B2,Advanced,9832229188.61191,Gas_CT
54,B2,Moderate,9832229188.61191,Gas_CT
54,B2,Conservative,9832229188.61191,Gas_CT
54,B2,Advanced,5562326243.75223,Oil
54,B2,Moderate,5562326243.75223,Oil
54,B2,Conservative,5562326243.75223,Oil
55,D,Advanced,48453200386.8928,Coal
55,D,Moderate,49322768235.7118,Coal
55,D,Conservative,50192895921.9713,Coal
55,D,Advanced,6844568100.65776,Wood
55,D,Moderate,6844568100.65776,Wood
55,D,Conservative,6844568100.65776,Wood
55,D,Advanced,80875736211.0365,Gas_CC
55,D,Moderate,81483705174.3057,Gas_CC
55,D,Conservative,82089260679.685,Gas_CC
55,D,Advanced,16032155615.5531,Gas_CT
55,D,Moderate,16032155615.5531,Gas_CT
55,D,Conservative,16032155615.5531,Gas_CT
55,D,Advanced,23216852625.8725,Oil
55,D,Moderate,23216852625.8725,Oil
55,D,Conservative,23216852625.8725,Oil
56,A,Advanced,91349007936.4169,Coal
56,A,Moderate,93765568430.3178,Coal
56,A,Conservative,96184995814.0124,Coal
56,A,Advanced,13175879601.0914,Wood
56,A,Moderate,13175879601.0914,Wood
56,A,Conservative,13175879601.0914,Wood
56,A,Advanced,245146641308.792,Gas_CC
56,A,Moderate,248146058346.601,Gas_CC
56,A,Conservative,251146825496.136,Gas_CC
56,A,Advanced,31719457609.9826,Gas_CT
56,A,Moderate,31719457609.9826,Gas_CT
56,A,Conservative,31719457609.9826,Gas_CT
56,A,Advanced,45068845426.1925,Oil
56,A,Moderate,45068845426.1925,Oil
56,A,Conservative,45068845426.1925,Oil
57,D,Advanced,48320953390.2846,Coal
57,D,Moderate,49189168537.1364,Coal
57,D,Conservative,50057945762.1052,Coal
57,D,Advanced,6859938302.69107,Wood
57,D,Moderate,6859938302.69107,Wood
57,D,Conservative,6859938302.69107,Wood
57,D,Advanced,80866893848.1546,Gas_CC
57,D,Moderate,81474888826.5747,Gas_CC
57,D,Conservative,82080454331.5297,Gas_CC
57,D,Advanced,16046093210.7182,Gas_CT
57,D,Moderate,16046093210.7182,Gas_CT
57,D,Conservative,16046093210.7182,Gas_CT
57,D,Advanced,23236848222.0796,Oil
57,D,Moderate,23236848222.0796,Oil
57,D,Conservative,23236848222.0796,Oil
58,B2,Advanced,16757467026.362,Coal
58,B2,Moderate,16895944763.3371,Coal
58,B2,Conservative,17037171110.795,Coal
58,B2,Advanced,3040277612.30203,Wood
58,B2,Moderate,3040277612.30203,Wood
58,B2,Conservative,3040277612.30203,Wood
58,B2,Advanced,65798463890.2141,Gas_CC
58,B2,Moderate,66303545165.0973,Gas_CC
58,B2,Conservative,66798563525.4097,Gas_CC
58,B2,Advanced,9829044981.85862,Gas_CT
58,B2,Moderate,9829044981.85862,Gas_CT
58,B2,Conservative,9829044981.85862,Gas_CT
58,B2,Advanced,5587804172.91489,Oil
58,B2,Moderate,5587804172.91489,Oil
58,B2,Conservative,5587804172.91489,Oil
59,B3,Advanced,15912524317.6822,Coal
59,B3,Moderate,16042722565.8531,Coal
59,B3,Conservative,16175458957.3898,Coal
59,B3,Advanced,2839823555.93015,Wood
59,B3,Moderate,2839823555.93015,Wood
59,B3,Conservative,2839823555.93015,Wood
59,B3,Advanced,57280979053.0987,Gas_CC
59,B3,Moderate,57713890272.7674,Gas_CC
59,B3,Conservative,58136861080.756,Gas_CC
59,B3,Advanced,9301746862.06614,Gas_CT
59,B3,Moderate,9301746862.06614,Gas_CT
59,B3,Conservative,9301746862.06614,Gas_CT
59,B3,Advanced,5353971585.99831,Oil
59,B3,Moderate,5353971585.99831,Oil
59,B3,Conservative,5353971585.99831,Oil
60,B1,Advanced,15560100870.471,Coal
60,B1,Moderate,15687365524.3209,Coal
60,B1,Conservative,15817094795.8226,Coal
60,B1,Advanced,2772135811.86929,Wood
60,B1,Moderate,2772135811.86929,Wood
60,B1,Conservative,2772135811.86929,Wood
60,B1,Advanced,55583765782.6159,Gas_CC
60,B1,Moderate,56008306123.2619,Gas_CC
60,B1,Conservative,56422312105.6993,Gas_CC
60,B1,Advanced,9102818113.40062,Gas_CT
60,B1,Moderate,9102818113.40062,Gas_CT
60,B1,Conservative,9102818113.40062,Gas_CT
60,B1,Advanced,5237245199.09774,Oil
60,B1,Moderate,5237245199.09774,Oil
60,B1,Conservative,5237245199.09774,Oil
61,B2,Advanced,16712376964.1221,Coal
61,B2,Moderate,16850592141.3943,Coal
61,B2,Conservative,16991520138.4739,Coal
61,B2,Advanced,3040279756.3832,Wood
61,B2,Moderate,3040279756.3832,Wood
61,B2,Conservative,3040279756.3832,Wood
61,B2,Advanced,65721493736.5646,Gas_CC
61,B2,Moderate,66226153246.795,Gas_CC
61,B2,Conservative,66720747076.8452,Gas_CC
61,B2,Advanced,9826111748.26082,Gas_CT
61,B2,Moderate,9826111748.26082,Gas_CT
61,B2,Conservative,9826111748.26082,Gas_CT
61,B2,Advanced,5540621431.05316,Oil
61,B2,Moderate,5540621431.05316,Oil
61,B2,Conservative,5540621431.05316,Oil
62,B1,Advanced,15597518809.3075,Coal
62,B1,Moderate,15724948397.3296,Coal
62,B1,Conservative,15854809616.0564,Coal
62,B1,Advanced,2774414107.7456,Wood
62,B1,Moderate,2774414107.7456,Wood
62,B1,Conservative,2774414107.7456,Wood
62,B1,Advanced,55554910365.6411,Gas_CC
62,B1,Moderate,55979028687.3446,Gas_CC
62,B1,Conservative,56392716105.1737,Gas_CC
62,B1,Advanced,9104587200.15636,Gas_CT
62,B1,Moderate,9104587200.15636,Gas_CT
62,B1,Conservative,9104587200.15636,Gas_CT
62,B1,Advanced,5293299044.80045,Oil
62,B1,Moderate,5293299044.80045,Oil
62,B1,Conservative,5293299044.80045,Oil
63,C3,Advanced,15964449000.6365,Coal
63,C3,Moderate,16095224897.2264,Coal
63,C3,Conservative,16228503606.3055,Coal
63,C3,Advanced,2710308647.73279,Wood
63,C3,Moderate,2710308647.73279,Wood
63,C3,Conservative,2710308647.73279,Wood
63,C3,Advanced,53227029154.1096,Gas_CC
63,C3,Moderate,53612244218.3496,Gas_CC
63,C3,Conservative,53987825616.1188,Gas_CC
63,C3,Advanced,8892911173.13932,Gas_CT
63,C3,Moderate,8892911173.13932,Gas_CT
63,C3,Conservative,8892911173.13932,Gas_CT
63,C3,Advanced,5338917543.21401,Oil
63,C3,Moderate,5338917543.21401,Oil
63,C3,Conservative,5338917543.21401,Oil
64,B3,Advanced,15964449000.6365,Coal
64,B3,Moderate,16095224897.2264,Coal
64,B3,Conservative,16228503606.3055,Coal
64,B3,Advanced,2853826754.24287,Wood
64,B3,Moderate,2853826754.24287,Wood
64,B3,Conservative,2853826754.24287,Wood
64,B3,Advanced,57212170440.9421,Gas_CC
64,B3,Moderate,57644388217.7003,Gas_CC
64,B3,Conservative,58066688315.7816,Gas_CC
64,B3,Advanced,9303758613.54693,Gas_CT
64,B3,Moderate,9303758613.54693,Gas_CT
64,B3,Conservative,9303758613.54693,Gas_CT
64,B3,Advanced,5373729609.46979,Oil
64,B3,Moderate,5373729609.46979,Oil
64,B3,Conservative,5373729609.46979,Oil
65,A,Advanced,91415026540.3262,Coal
65,A,Moderate,93832880486.2821,Coal
65,A,Conservative,96253576883.1965,Coal
65,A,Advanced,13167745711.6857,Wood
65,A,Moderate,13167745711.6857,Wood
65,A,Conservative,13167745711.6857,Wood
65,A,Advanced,245137773031.463,Gas_CC
65,A,Moderate,248137006201.024,Gas_CC
65,A,Conservative,251137506291.81,Gas_CC
65,A,Advanced,31748807839.2131,Gas_CT
65,A,Moderate,31748807839.2131,Gas_CT
65,A,Conservative,31748807839.2131,Gas_CT
65,A,Advanced,45104868678.6431,Oil
65,A,Moderate,45104868678.6431,Oil
65,A,Conservative,45104868678.6431,Oil
66,C1,Advanced,21466435148.6231,Coal
66,C1,Moderate,21649919334.8908,Coal
66,C1,Conservative,21837037494.665,Coal
66,C1,Advanced,2799583704.0702,Wood
66,C1,Moderate,2799583704.0702,Wood
66,C1,Conservative,2799583704.0702,Wood
66,C1,Advanced,65001928928.3295,Gas_CC
66,C1,Moderate,65344507306.6589,Gas_CC
66,C1,Conservative,65673069349.8656,Gas_CC
66,C1,Advanced,9270251687.8614,Gas_CT
66,C1,Moderate,9270251687.8614,Gas_CT
66,C1,Conservative,9270251687.8614,Gas_CT
66,C1,Advanced,6673801681.43276,Oil
66,C1,Moderate,6673801681.43276,Oil
66,C1,Conservative,6673801681.43276,Oil
67,C3,Advanced,15912524317.6822,Coal
67,C3,Moderate,16042722565.8531,Coal
67,C3,Conservative,16175458957.3898,Coal
67,C3,Advanced,2707687098.69576,Wood
67,C3,Moderate,2707687098.69576,Wood
67,C3,Conservative,2707687098.69576,Wood
67,C3,Advanced,53277693651.4396,Gas_CC
67,C3,Moderate,53663471356.9471,Gas_CC
67,C3,Conservative,54039585375.7032,Gas_CC
67,C3,Advanced,8896220673.51086,Gas_CT
67,C3,Moderate,8896220673.51086,Gas_CT
67,C3,Conservative,8896220673.51086,Gas_CT
67,C3,Advanced,5320710468.47157,Oil
67,C3,Moderate,5320710468.47157,Oil
67,C3,Conservative,5320710468.47157,Oil
68,C2,Advanced,17639283013.7956,Coal
68,C2,Moderate,17785773646.9308,Coal
68,C2,Conservative,17935174890.5515,Coal
68,C2,Advanced,3107437162.62406,Wood
68,C2,Moderate,3107437162.62406,Wood
68,C2,Conservative,3107437162.62406,Wood
68,C2,Advanced,66741627344.4194,Gas_CC
68,C2,Moderate,67229883367.9886,Gas_CC
68,C2,Conservative,67708699197.897,Gas_CC
68,C2,Advanced,9997463870.32273,Gas_CT
68,C2,Moderate,9997463870.32273,Gas_CT
68,C2,Conservative,9997463870.32273,Gas_CT
68,C2,Advanced,5790843616.78727,Oil
68,C2,Moderate,5790843616.78727,Oil
68,C2,Conservative,5790843616.78727,Oil
69,C3,Advanced,15980666518.7482,Coal
69,C3,Moderate,16111836146.4229,Coal
69,C3,Conservative,16245527647.7101,Coal
69,C3,Advanced,2707744057.4705,Wood
69,C3,Moderate,2707744057.4705,Wood
69,C3,Conservative,2707744057.4705,Wood
69,C3,Advanced,53230889369.8765,Gas_CC
69,C3,Moderate,53616464919.097,Gas_CC
69,C3,Conservative,53992398817.723,Gas_CC
69,C3,Advanced,8887256247.66129,Gas_CT
69,C3,Moderate,8887256247.66129,Gas_CT
69,C3,Conservative,8887256247.66129,Gas_CT
69,C3,Advanced,5326253494.00196,Oil
69,C3,Moderate,5326253494.00196,Oil
69,C3,Conservative,5326253494.00196,Oil
70,D,Advanced,48371629606.6544,Coal
70,D,Moderate,49240679257.8988,Coal
70,D,Conservative,50110294989.8669,Coal
70,D,Advanced,6854039323.96397,Wood
70,D,Moderate,6854039323.96397,Wood
70,D,Conservative,6854039323.96397,Wood
70,D,Advanced,80884817083.4787,Gas_CC
70,D,Moderate,81492929211.2209,Gas_CC
70,D,Conservative,82098475298.5251,Gas_CC
70,D,Advanced,16060614874.4904,Gas_CT
70,D,Moderate,16060614874.4904,Gas_CT
70,D,Conservative,16060614874.4904,Gas_CT
70,D,Advanced,23137192489.8198,Oil
70,D,Moderate,23137192489.8198,Oil
70,D,Conservative,23137192489.8198,Oil
71,A,Advanced,91443899394.0166,Coal
71,A,Moderate,93860706289.4813,Coal
71,A,Conservative,96280374447.5971,Coal
71,A,Advanced,13181498294.3387,Wood
71,A,Moderate,13181498294.3387,Wood
71,A,Conservative,13181498294.3387,Wood
71,A,Advanced,245123941490.262,Gas_CC
71,A,Moderate,248123118895.896,Gas_CC
71,A,Conservative,251123650595.714,Gas_CC
71,A,Advanced,31730691975.7787,Gas_CT
71,A,Moderate,31730691975.7787,Gas_CT
71,A,Conservative,31730691975.7787,Gas_CT
71,A,Advanced,45031592971.7399,Oil
71,A,Moderate,45031592971.7399,Oil
71,A,Conservative,45031592971.7399,Oil
72,B1,Advanced,15641745777.3412,Coal
72,B1,Moderate,15769611701.8929,Coal
72,B1,Conservative,15899929583.4768,Coal
72,B1,Advanced,2757419969.84035,Wood
72,B1,Moderate,2757419969.84035,Wood
72,B1,Conservative,2757419969.84035,Wood
72,B1,Advanced,55536703375.4512,Gas_CC
72,B1,Moderate,55960918908.3931,Gas_CC
72,B1,Conservative,56374663813.1139,Gas_CC
72,B1,Advanced,9088562888.13528,Gas_CT
72,B1,Moderate,9088562888.13528,Gas_CT
72,B1,Conservative,9088562888.13528,Gas_CT
72,B1,Advanced,5235050246.41056,Oil
72,B1,Moderate,5235050246.41056,Oil
72,B1,Conservative,5235050246.41056,Oil
73,D,Advanced,48256555692.0479,Coal
73,D,Moderate,49123986423.2785,Coal
73,D,Conservative,49991974299.1515,Coal
73,D,Advanced,6847498813.52208,Wood
73,D,Moderate,6847498813.52208,Wood
73,D,Conservative,6847498813.52208,Wood
73,D,Advanced,80879885911.4786,Gas_CC
73,D,Moderate,81487897873.1792,Gas_CC
73,D,Conservative,82093382672.7565,Gas_CC
73,D,Advanced,16058986436.9393,Gas_CT
73,D,Moderate,16058986436.9393,Gas_CT
73,D,Conservative,16058986436.9393,Gas_CT
73,D,Advanced,23178695896.3928,Oil
73,D,Moderate,23178695896.3928,Oil
73,D,Conservative,23178695896.3928,Oil
74,C2,Advanced,17747242884.3297,Coal
74,C2,Moderate,17894863781.9915,Coal
74,C2,Conservative,18045408115.4672,Coal
74,C2,Advanced,3113280302.24932,Wood
74,C2,Moderate,3113280302.24932,Wood
74,C2,Conservative,3113280302.24932,Wood
74,C2,Advanced,66708709725.6306,Gas_CC
74,C2,Moderate,67196998128.7104,Gas_CC
74,C2,Conservative,67675989238.7502,Gas_CC
74,C2,Advanced,9998109611.77404,Gas_CT
74,C2,Moderate,9998109611.77404,Gas_CT
74,C2,Conservative,9998109611.77404,Gas_CT
74,C2,Advanced,5762239424.67833,Oil
74,C2,Moderate,5762239424.67833,Oil
74,C2,Conservative,5762239424.67833,Oil
75,B3,Advanced,15915329298.4318,Coal
75,B3,Moderate,16045921507.0301,Coal
75,B3,Conservative,16179016784.26,Coal
75,B3,Advanced,2851121011.07642,Wood
75,B3,Moderate,2851121011.07642,Wood
75,B3,Conservative,2851121011.07642,Wood
75,B3,Advanced,57289448214.8062,Gas_CC
75,B3,Moderate,57722465014.0311,Gas_CC
75,B3,Conservative,58145799710.1347,Gas_CC
75,B3,Advanced,9303347899.71573,Gas_CT
75,B3,Moderate,9303347899.71573,Gas_CT
75,B3,Conservative,9303347899.71573,Gas_CT
75,B3,Advanced,5286284728.70059,Oil
75,B3,Moderate,5286284728.70059,Oil
75,B3,Conservative,5286284728.70059,Oil
76,C1,Advanced,21558260151.6951,Coal
76,C1,Moderate,21742767536.348,Coal
76,C1,Conservative,21930917546.8199,Coal
76,C1,Advanced,2795796764.04723,Wood
76,C1,Moderate,2795796764.04723,Wood
76,C1,Conservative,2795796764.04723,Wood
76,C1,Advanced,64987777282.6526,Gas_CC
76,C1,Moderate,65330329341.7356,Gas_CC
76,C1,Conservative,65658696885.0687,Gas_CC
76,C1,Advanced,9293015484.06737,Gas_CT
76,C1,Moderate,9293015484.06737,Gas_CT
76,C1,Conservative,9293015484.06737,Gas_CT
76,C1,Advanced,6705058201.66567,Oil
76,C1,Moderate,6705058201.66567,Oil
76,C1,Conservative,6705058201.66567,Oil
77,C3,Advanced,15813959670.4906,Coal
77,C3,Moderate,15943629106.2695,Coal
77,C3,Conservative,16075765080.8092,Coal
77,C3,Advanced,2705459189.1977,Wood
77,C3,Moderate,2705459189.1977,Wood
77,C3,Conservative,2705459189.1977,Wood
77,C3,Advanced,53238605839.5303,Gas_CC
77,C3,Moderate,53624092043.6328,Gas_CC
77,C3,Conservative,54000064104.1632,Gas_CC
77,C3,Advanced,8888030677.18685,Gas_CT
77,C3,Moderate,8888030677.18685,Gas_CT
77,C3,Conservative,8888030677.18685,Gas_CT
77,C3,Advanced,5372262572.29921,Oil
77,C3,Moderate,5372262572.29921,Oil
77,C3,Conservative,5372262572.29921,Oil
78,C1,Advanced,21517436905.3359,Coal
78,C1,Moderate,21701294939.2863,Coal
78,C1,Conservative,21888786449.1797,Coal
78,C1,Advanced,2791500716.67599,Wood
78,C1,Moderate,2791500716.67599,Wood
78,C1,Conservative,2791500716.67599,Wood
78,C1,Advanced,64984236733.2424,Gas_CC
78,C1,Moderate,65326697342.5762,Gas_CC
78,C1,Conservative,65654892903.291,Gas_CC
78,C1,Advanced,9298300357.88446,Gas_CT
78,C1,Moderate,9298300357.88446,Gas_CT
78,C1,Conservative,9298300357.88446,Gas_CT
78,C1,Advanced,6676820990.8159,Oil
78,C1,Moderate,6676820990.8159,Oil
78,C1,Conservative,6676820990.8159,Oil
79,A,Advanced,91398801416.5527,Coal
79,A,Moderate,93815513362.979,Coal
79,A,Conservative,96235059097.1332,Coal
79,A,Advanced,13182712875.1162,Wood
79,A,Moderate,13182712875.1162,Wood
79,A,Conservative,13182712875.1162,Wood
79,A,Advanced,245083554757.366,Gas_CC
79,A,Moderate,248082326565.542,Gas_CC
79,A,Conservative,251082211454.663,Gas_CC
79,A,Advanced,31758599373.5961,Gas_CT
79,A,Moderate,31758599373.5961,Gas_CT
79,A,Conservative,31758599373.5961,Gas_CT
79,A,Advanced,45106586994.6898,Oil
79,A,Moderate,45106586994.6898,Oil
79,A,Conservative,45106586994.6898,Oil
80,C3,Advanced,15915329298.4318,Coal
80,C3,Moderate,16045921507.0301,Coal
80,C3,Conservative,16179016784.26,Coal
80,C3,Advanced,2712179654.39247,Wood
80,C3,Moderate,2712179654.39247,Wood
80,C3,Conservative,2712179654.39247,Wood
80,C3,Advanced,53311884874.0117,Gas_CC
80,C3,Moderate,53698058112.5444,Gas_CC
80,C3,Conservative,54074654189.3215,Gas_CC
80,C3,Advanced,8899597303.1437,Gas_CT
80,C3,Moderate,8899597303.1437,Gas_CT
80,C3,Conservative,8899597303.1437,Gas_CT
80,C3,Advanced,5251034147.49799,Oil
80,C3,Moderate,5251034147.49799,Oil
80,C3,Conservative,5251034147.49799,Oil
81,B2,Advanced,16950454565.9399,Coal
81,B2,Moderate,17090654255.6269,Coal
81,B2,Conservative,17233623851.3715,Coal
81,B2,Advanced,3033232438.0447,Wood
81,B2,Moderate,3033232438.0447,Wood
81,B2,Conservative,3033232438.0447,Wood
81,B2,Advanced,65709682291.5591,Gas_CC
81,B2,Moderate,66213970285.4605,Gas_CC
81,B2,Conservative,66708359693.2537,Gas_CC
81,B2,Advanced,9837102878.79814,Gas_CT
81,B2,Moderate,9837102878.79814,Gas_CT
81,B2,Conservative,9837102878.79814,Gas_CT
81,B2,Advanced,5491912226.92796,Oil
81,B2,Moderate,5491912226.92796,Oil
81,B2,Conservative,5491912226.92796,Oil
82,B2,Advanced,16889918780.0205,Coal
82,B2,Moderate,17029400583.6348,Coal
82,B2,Conservative,17171654223.0258,Coal
82,B2,Advanced,3035442748.23953,Wood
82,B2,Moderate,3035442748.23953,Wood
82,B2,Conservative,3035442748.23953,Wood
82,B2,Advanced,65662010128.2346,Gas_CC
82,B2,Moderate,66165755098.6077,Gas_CC
82,B2,Conservative,66659652770.3424,Gas_CC
82,B2,Advanced,9813905367.87951,Gas_CT
82,B2,Moderate,9813905367.87951,Gas_CT
82,B2,Conservative,9813905367.87951,Gas_CT
82,B2,Advanced,5491377850.81852,Oil
82,B2,Moderate,5491377850.81852,Oil
82,B2,Conservative,5491377850.81852,Oil
83,B2,Advanced,16860928341.655,Coal
83,B2,Moderate,17000429211.7802,Coal
83,B2,Conservative,17142693311.8101,Coal
83,B2,Advanced,3039466331.24226,Wood
83,B2,Moderate,3039466331.24226,Wood
83,B2,Conservative,3039466331.24226,Wood
83,B2,Advanced,65685943786.0911,Gas_CC
83,B2,Moderate,66190094086.5466,Gas_CC
83,B2,Conservative,66684331115.1432,Gas_CC
83,B2,Advanced,9834997709.76698,Gas_CT
83,B2,Moderate,9834997709.76698,Gas_CT
83,B2,Conservative,9834997709.76698,Gas_CT
83,B2,Advanced,5564176551.78957,Oil
83,B2,Moderate,5564176551.78957,Oil
83,B2,Conservative,5564176551.78957,Oil
84,B3,Advanced,16087236301.2987,Coal
84,B3,Moderate,16219479202.8168,Coal
84,B3,Conservative,16354278259.924,Coal
84,B3,Advanced,2848388411.08483,Wood
84,B3,Moderate,2848388411.08483,Wood
84,B3,Conservative,2848388411.08483,Wood
84,B3,Advanced,57238341123.7761,Gas_CC
84,B3,Moderate,57671287495.579,Gas_CC
84,B3,Conservative,58094544278.6263,Gas_CC
84,B3,Advanced,9304566507.50038,Gas_CT
84,B3,Moderate,9304566507.50038,Gas_CT
84,B3,Conservative,9304566507.50038,Gas_CT
84,B3,Advanced,5312448553.67255,Oil
84,B3,Moderate,5312448553.67255,Oil
84,B3,Conservative,5312448553.67255,Oil
85,B1,Advanced,15532633916.1171,Coal
85,B1,Moderate,15659605335.4168,Coal
85,B1,Conservative,15789020496.2255,Coal
85,B1,Advanced,2782948567.61562,Wood
85,B1,Moderate,2782948567.61562,Wood
85,B1,Conservative,2782948567.61562,Wood
85,B1,Advanced,55575671192.6219,Gas_CC
85,B1,Moderate,56000094542.305,Gas_CC
85,B1,Conservative,56414230122.5325,Gas_CC
85,B1,Advanced,9108721021.76007,Gas_CT
85,B1,Moderate,9108721021.76007,Gas_CT
85,B1,Conservative,9108721021.76007,Gas_CT
85,B1,Advanced,5222236572.22532,Oil
85,B1,Moderate,5222236572.22532,Oil
85,B1,Conservative,5222236572.22532,Oil
86,B3,Advanced,15813959670.4906,Coal
86,B3,Moderate,15943629106.2695,Coal
86,B3,Conservative,16075765080.8092,Coal
86,B3,Advanced,2848237665.56643,Wood
86,B3,Moderate,2848237665.56643,Wood
86,B3,Conservative,2848237665.56643,Wood
86,B3,Advanced,57217654174.5075,Gas_CC
86,B3,Moderate,57650058111.7218,Gas_CC
86,B3,Conservative,58072772323.2991,Gas_CC
86,B3,Advanced,9290395277.97027,Gas_CT
86,B3,Moderate,9290395277.97027,Gas_CT
86,B3,Conservative,9290395277.97027,Gas_CT
86,B3,Advanced,5406876151.21814,Oil
86,B3,Moderate,5406876151.21814,Oil
86,B3,Conservative,5406876151.21814,Oil
87,D,Advanced,48305631337.6504,Coal
87,D,Moderate,49173762501.5104,Coal
87,D,Conservative,50042469876.2047,Coal
87,D,Advanced,6851508091.05517,Wood
87,D,Moderate,6851508091.05517,Wood
87,D,Conservative,6851508091.05517,Wood
87,D,Advanced,80854000240.6382,Gas_CC
87,D,Moderate,81461873384.5459,Gas_CC
87,D,Conservative,82067119783.3851,Gas_CC
87,D,Advanced,16030175416.8566,Gas_CT
87,D,Moderate,16030175416.8566,Gas_CT
87,D,Conservative,16030175416.8566,Gas_CT
87,D,Advanced,23201249010.6735,Oil
87,D,Moderate,23201249010.6735,Oil
87,D,Conservative,23201249010.6735,Oil
88,B1,Advanced,15456418636.6955,Coal
88,B1,Moderate,15582377890.3143,Coal
88,B1,Conservative,15710742501.8575,Coal
88,B1,Advanced,2776617678.65726,Wood
88,B1,Moderate,2776617678.65726,Wood
88,B1,Conservative,2776617678.65726,Wood
88,B1,Advanced,55526502761.7462,Gas_CC
88,B1,Moderate,55950406136.8171,Gas_CC
88,B1,Conservative,56364007867.6372,Gas_CC
88,B1,Advanced,9083128210.22479,Gas_CT
88,B1,Moderate,9083128210.22479,Gas_CT
88,B1,Conservative,9083128210.22479,Gas_CT
88,B1,Advanced,5254147576.56942,Oil
88,B1,Moderate,5254147576.56942,Oil
88,B1,Conservative,5254147576.56942,Oil
89,B1,Advanced,15631453786.0223,Coal
89,B1,Moderate,15759293097.5607,Coal
89,B1,Conservative,15889608226.1173,Coal
89,B1,Advanced,2771940819.27642,Wood
89,B1,Moderate,2771940819.27642,Wood
89,B1,Conservative,2771940819.27642,Wood
89,B1,Advanced,55549417192.3716,Gas_CC
89,B1,Moderate,55973923417.7201,Gas_CC
89,B1,Conservative,56388099669.5824,Gas_CC
89,B1,Advanced,9088078424.60866,Gas_CT
89,B1,Moderate,9088078424.60866,Gas_CT
89,B1,Conservative,9088078424.60866,Gas_CT
89,B1,Advanced,5214902607.67865,Oil
89,B1,Moderate,5214902607.67865,Oil
89,B1,Conservative,5214902607.67865,Oil
90,C3,Advanced,16087236301.2987,Coal
90,C3,Moderate,16219479202.8168,Coal
90,C3,Conservative,16354278259.924,Coal
90,C3,Advanced,2714447372.08079,Wood
90,C3,Moderate,2714447372.08079,Wood
90,C3,Conservative,2714447372.08079,Wood
90,C3,Advanced,53236387642.7548,Gas_CC
90,C3,Moderate,53622141882.9259,Gas_CC
90,C3,Conservative,53998313818.4226,Gas_CC
90,C3,Advanced,8905539343.92771,Gas_CT
90,C3,Moderate,8905539343.92771,Gas_CT
90,C3,Conservative,8905539343.92771,Gas_CT
90,C3,Advanced,5279038083.24613,Oil
90,C3,Moderate,5279038083.24613,Oil
90,C3,Conservative,5279038083.24613,Oil
