Facility_Unit.ID,GEOID,County
10176_A,25025,Suffolk
10176_B,25025,Suffolk
10307_1,25021,Norfolk
10307_2,25021,Norfolk
1507_4,23005,Cumberland
1592_J1T1,25021,Norfolk
1592_J1T2,25021,Norfolk
1592_J2T1,25021,Norfolk
1592_J2T2,25021,Norfolk
1592_J3T1,25021,Norfolk
1592_J3T2,25021,Norfolk
1595_4,25017,Middlesex
1595_S6,25017,Middlesex
1599_2,25001,Barnstable
1599_3,25001,Barnstable
1678_1,25009,Essex
1678_2,25009,Essex
1682_9,25005,Bristol
2364_1,33013,Merrimack
2364_2,33013,Merrimack
2367_4,33015,Rockingham
2367_6,33015,Rockingham
3236_10,44007,Providence
3236_11,44007,Providence
3236_9,44007,Providence
50002_1,25003,Berkshire
50002_2,25003,Berkshire
50002_3,25003,Berkshire
51030_1,44007,Providence
51030_2,44007,Providence
52026_1,25005,Bristol
52026_2,25005,Bristol
542_13,9005,Litchfield
542_14,9005,Litchfield
54324_3,44007,Providence
54324_4,44007,Providence
544_10,9001,Fairfield
544_11,9001,Fairfield
544_12,9001,Fairfield
544_13,9001,Fairfield
544_14,9001,Fairfield
544_15,9001,Fairfield
544_16,9001,Fairfield
544_17,9001,Fairfield
544_18,9001,Fairfield
546_6,9011,New London
54805_1,25027,Worcester
55026_1,25005,Bristol
55041_1,25013,Hampden
55042_BE1,9001,Fairfield
55042_BE2,9001,Fairfield
55048_1,44005,Newport
55068_1,23019,Penobscot
55068_2,23019,Penobscot
55079_1,25027,Worcester
55100_1,23017,Oxford
55107_RISEP1,44007,Providence
55107_RISEP2,44007,Providence
55126_CT01,9009,New Haven
55126_CT02,9009,New Haven
55149_LRG1,9015,Windham
55149_LRG2,9015,Windham
55149_LRG3,9015,Windham
55170_0001,33011,Hillsborough
55170_0002,33011,Hillsborough
55211_1,25021,Norfolk
55211_2,25021,Norfolk
55212_1,25027,Worcester
55212_2,25027,Worcester
55294_1,23005,Cumberland
55294_2,23005,Cumberland
55317_11,25021,Norfolk
55317_12,25021,Norfolk
55517_CT01,9009,New Haven
55517_CT02,9009,New Haven
55517_CT03,9009,New Haven
55517_CT04,9009,New Haven
55517_CT05,9009,New Haven
55517_CT06,9009,New Haven
55517_CT07,9009,New Haven
55661_1,33015,Rockingham
55661_2,33015,Rockingham
56047_1,9009,New Haven
56047_2,9009,New Haven
562_12,9007,Middlesex
562_13,9007,Middlesex
562_14,9007,Middlesex
562_15,9007,Middlesex
562_4,9007,Middlesex
56629_10,9009,New Haven
56798_U1,9007,Middlesex
56798_U2,9007,Middlesex
568_BHB5,9001,Fairfield
58054_ST01,33007,Coos
589_1,50007,Chittenden
59882_J4,25021,Norfolk
59882_J5,25021,Norfolk
6081_001,25013,Hampden
6081_002,25013,Hampden
6081_003,25013,Hampden
6081_004,25013,Hampden
6081_005,25013,Hampden
60903_1,25009,Essex
60903_2,25009,Essex
6156_NHB1,9009,New Haven
6156_NHHS2,9009,New Haven
6156_NHHS3,9009,New Haven
6156_NHHS4,9009,New Haven
6635_AP-1,9009,New Haven
8002_1,33015,Rockingham
