Facility_Unit.ID,Facility_ID,Unit_ID.x,Primary_Fuel_Type,Facility_Name,PM_lbs_mmBTU,mean_NOx_lbs_MW,mean_SO2_lbs_MW,mean_HI_mmBtu_per_MW,mean_NOx_lbs_MW_estimate,mean_SO2_lbs_MW_estimate,mean_HI_mmBtu_per_MW_estimate,Stack_Height_ft,Year,Pathway,Simulation,total_generation_GWh,total_CO2_tons,total_NOx_lbs,total_SO2_lbs,total_HI_mmBtu,State,Fuel_type_1,Fuel_type_2,Ramp_hr,Fossil.NPC_MW,STATEFP,COUNTYFP,COUNTYNS,GEOIDFQ,GEOID,County,NAMELSAD,STUSPS,STATE_NAME,LSAD,ALAND,AWATER,geometry,County_State,NH3,PM2.5,NOx,SO2,VOC,PM10,SO2_ratio,CO
10176_A,10176,A,Other Oil,MBTA South Boston Power Facility,0.0244538222222222,1.35667234525838,,3.60703885932323,0.182443148232638,0.00752655412668095,11.7577570806623,120,2025,A,1,79.34434,308.890642569134,606.945971550642,37.0557849940534,1299756.14886933,MA,Other Oil,"",0.1666667,69,25,25,606939,0500000US25025,25025,Suffolk,Suffolk County,MA,Massachusetts,06,150885698,160491323,-71.0311|42.3414,"Suffolk, MA",36815.9974818849,15883.3938716018,93.210077658295,3716.50394748181,1753.14273723261,2427.428405399,0.702662167229096,1688.33429638249
10176_B,10176,B,Other Oil,MBTA South Boston Power Facility,0.0244538222222222,1.40929266555898,,3.60597466167578,0.182443148232638,0.00752655412668095,11.7577570806623,120,2025,A,1,78.593,220.701478305554,437.89700373134,22.5269765011561,1384240.32372473,MA,Other Oil,"",0.1666667,69,25,25,606939,0500000US25025,25025,Suffolk,Suffolk County,MA,Massachusetts,06,150885698,160491323,-71.0311|42.3414,"Suffolk, MA",36815.9974818849,15883.3938716018,93.210077658295,3716.50394748181,1753.14273723261,2427.428405399,0.702662167229096,1688.33429638249
10307_1,10307,1,Pipeline Natural Gas,Bellingham,0.01086,0.883168087193761,0.0333730635530049,4.11433949383567,,,,120,2025,A,1,118.86584,3964.38685565895,5593.21621947183,298.191944222282,6631468.6285124,MA,Pipeline Natural Gas,Diesel Oil,12,257.4,25,21,606937,0500000US25021,25021,Norfolk,Norfolk County,MA,Massachusetts,06,1025902103,124954020,-71.4833|42.0925,"Norfolk, MA",27076.5359631639,13582.8898272694,97.1764639416268,3639.15941495684,1503.26040138272,2084.33599189081,0.688038995125609,1653.24864060413
10307_2,10307,2,Pipeline Natural Gas,Bellingham,0.01086,0.922853778020694,0.0273707321260194,4.23731553918769,,,,120,2025,A,1,138.47124,4324.49201269581,6884.49804314049,274.647340622146,6938581.95376146,MA,Pipeline Natural Gas,Diesel Oil,12,257.4,25,21,606937,0500000US25021,25021,Norfolk,Norfolk County,MA,Massachusetts,06,1025902103,124954020,-71.4833|42.0925,"Norfolk, MA",27076.5359631639,13582.8898272694,97.1764639416268,3639.15941495684,1503.26040138272,2084.33599189081,0.688038995125609,1653.24864060413
1592_J1T1,1592,J1T1,Diesel Oil,Medway Station,0.0244538222222222,11.2294631389674,,4.95091047271622,0.121076329725233,0.00577486926598213,9.62259253041186,120,2025,A,1,0.75705,1179.31800837973,7946.70834574321,4.37186477781177,151205.569,MA,Diesel Oil,Pipeline Natural Gas,1,45,25,21,606937,0500000US25021,25021,Norfolk,Norfolk County,MA,Massachusetts,06,1025902103,124954020,-71.4478|42.1364,"Norfolk, MA",27076.5359631639,13582.8898272694,97.1764639416268,3639.15941495684,1503.26040138272,2084.33599189081,0.688038995125609,1653.24864060413
1592_J1T2,1592,J1T2,Diesel Oil,Medway Station,0.0244538222222222,10.7232399179768,,4.97512316143896,0.121076329725233,0.00577486926598213,9.62259253041186,120,2025,A,1,1.02574,972.816489314204,6712.51116069402,5.92351440088851,130121.447,MA,Diesel Oil,Pipeline Natural Gas,1,45,25,21,606937,0500000US25021,25021,Norfolk,Norfolk County,MA,Massachusetts,06,1025902103,124954020,-71.4478|42.1364,"Norfolk, MA",27076.5359631639,13582.8898272694,97.1764639416268,3639.15941495684,1503.26040138272,2084.33599189081,0.688038995125609,1653.24864060413
1592_J2T1,1592,J2T1,Diesel Oil,Medway Station,0.0244538222222222,9.44243747518857,,5.03682056485709,0.121076329725233,0.00577486926598213,9.62259253041186,120,2025,A,1,0.85435,941.435297823495,5547.0238927061,4.93375955739183,137330.349,MA,Diesel Oil,Pipeline Natural Gas,1,45,25,21,606937,0500000US25021,25021,Norfolk,Norfolk County,MA,Massachusetts,06,1025902103,124954020,-71.4478|42.1364,"Norfolk, MA",27076.5359631639,13582.8898272694,97.1764639416268,3639.15941495684,1503.26040138272,2084.33599189081,0.688038995125609,1653.24864060413
1592_J2T2,1592,J2T2,Diesel Oil,Medway Station,0.0244538222222222,10.3716716091775,,5.03929186228482,0.121076329725233,0.00577486926598213,9.62259253041186,120,2025,A,1,0.70761,822.110725632605,5237.80661835413,4.08635524130162,119470.947,MA,Diesel Oil,Pipeline Natural Gas,1,45,25,21,606937,0500000US25021,25021,Norfolk,Norfolk County,MA,Massachusetts,06,1025902103,124954020,-71.4478|42.1364,"Norfolk, MA",27076.5359631639,13582.8898272694,97.1764639416268,3639.15941495684,1503.26040138272,2084.33599189081,0.688038995125609,1653.24864060413
1592_J3T1,1592,J3T1,Diesel Oil,Medway Station,0.0244538222222222,10.5450262859499,,5.42321243523316,0.121076329725233,0.00577486926598213,9.62259253041186,120,2025,A,1,1.13144,1157.02301052735,7794.28463834991,6.53391808230283,174602.456,MA,Diesel Oil,Pipeline Natural Gas,1,45,25,21,606937,0500000US25021,25021,Norfolk,Norfolk County,MA,Massachusetts,06,1025902103,124954020,-71.4478|42.1364,"Norfolk, MA",27076.5359631639,13582.8898272694,97.1764639416268,3639.15941495684,1503.26040138272,2084.33599189081,0.688038995125609,1653.24864060413
1592_J3T2,1592,J3T2,Diesel Oil,Medway Station,0.0244538222222222,9.74672419666175,,5.37387205387204,0.121076329725233,0.00577486926598213,9.62259253041186,120,2025,A,1,1.12126,999.734687982713,6378.19954289371,6.47512991317513,151225.115,MA,Diesel Oil,Pipeline Natural Gas,1,45,25,21,606937,0500000US25021,25021,Norfolk,Norfolk County,MA,Massachusetts,06,1025902103,124954020,-71.4478|42.1364,"Norfolk, MA",27076.5359631639,13582.8898272694,97.1764639416268,3639.15941495684,1503.26040138272,2084.33599189081,0.688038995125609,1653.24864060413
1595_4,1595,4,Pipeline Natural Gas,Kendall Green Energy LLC,0.01086,0.0459694871453553,0.00389223251982218,6.65135061675564,,,,120,2025,A,1,2407.54574,3386.58651231224,462.194767016379,34.2187863128183,14801588.19184,MA,Pipeline Natural Gas,Diesel Oil,12,253.6,25,17,606935,0500000US25017,25017,Middlesex,Middlesex County,MA,Massachusetts,06,2118293312,75289849,-71.0792|42.3633,"Middlesex, MA",30709.7457986957,16980.099678943,107.092429649956,5289.17610882283,1889.98306400756,2718.95779722388,1,2401.74263054256
1595_S6,1595,S6,Diesel Oil,Kendall Green Energy LLC,0.0244538222222222,23.0410349523377,,9.9806361829026,0.0982597055450186,0.00790484980629319,13.1722979241646,120,2025,A,1,12.05713,3562.97401415228,31013.9752102648,35.9790029418415,306760.320389599,MA,Diesel Oil,"",12,20,25,17,606935,0500000US25017,25017,Middlesex,Middlesex County,MA,Massachusetts,06,2118293312,75289849,-71.0792|42.3633,"Middlesex, MA",30709.7457986957,16980.099678943,107.092429649956,5289.17610882283,1889.98306400756,2718.95779722388,1,2401.74263054256
1678_1,1678,1,Pipeline Natural Gas,Waters River,0.01708,5.46678191763856,,7.9722072761161,0.0982597055450186,0.00790484980629319,13.1722979241646,120,2025,A,1,22.88069,17910.7175012389,9320.33365921886,180.86288451949,317834.628843474,MA,Pipeline Natural Gas,Diesel Oil,1,21.3,25,9,606931,0500000US25009,25009,Essex,Essex County,MA,Massachusetts,06,1275604956,870173087,-70.9236|42.5428,"Essex, MA",14923.5283910355,7760.23476333848,69.4117599583048,2322.31916889071,874.588175474641,1183.96630557451,0.439070116235471,1055.8928601725
1678_2,1678,2,Pipeline Natural Gas,Waters River,0.01708,3.3901865463342,,5.64179070391495,0.121076329725233,0.00577486926598213,9.62259253041186,120,2025,A,1,21.44269,910.191010644764,5124.04338819412,123.828731460982,404182.22,MA,Pipeline Natural Gas,Diesel Oil,1,49.9,25,9,606931,0500000US25009,25009,Essex,Essex County,MA,Massachusetts,06,1275604956,870173087,-70.9236|42.5428,"Essex, MA",14923.5283910355,7760.23476333848,69.4117599583048,2322.31916889071,874.588175474641,1183.96630557451,0.439070116235471,1055.8928601725
1682_9,1682,9,Pipeline Natural Gas,Cleary Flood,0.01086,1.60332054164342,0.0739221201994044,5.14702442554622,,,,187,2025,A,1,197.20198,7177.75443764852,15558.8585154398,1069.64805115285,3431172.97967,MA,Pipeline Natural Gas,"Diesel Oil, Residual Oil",0.1666667,118,25,5,606929,0500000US25005,25005,Bristol,Bristol County,MA,Massachusetts,06,1432555935,357450957,-71.1061|41.8653,"Bristol, MA",15286.4527359604,9057.24307798795,93.210077658295,2980.73929192378,1021.34446795791,1346.58814319111,0.56355455568054,1354.57075038831
2367_4,2367,4,Coal,Schiller,0.0109179898124098,3.14423362977723,10.7668186477769,6.75883294658442,,,,226,2025,A,1,198.72891,49297.7339747777,122264.646170094,417071.500758583,2274358.9855243,NH,Coal,Residual Oil,12,50,33,15,873181,0500000US33015,33015,Rockingham,Rockingham County,NH,New Hampshire,06,1801152748,258528921,-70.7842|43.0978,"Rockingham, NH",9808.8732786793,7674.95745824685,69.4117599583048,2812.16787488218,872.604982332975,1209.74781641617,0.531683539557555,1278.10201343547
2367_6,2367,6,Coal,Schiller,0.0109179898124098,2.82475011630741,9.97377301446643,6.69766136033672,,,,226,2025,A,1,199.45439,59445.3332136273,136344.47368808,480036.553447721,2102629.44682161,NH,Coal,Residual Oil,12,50,33,15,873181,0500000US33015,33015,Rockingham,Rockingham County,NH,New Hampshire,06,1801152748,258528921,-70.7842|43.0978,"Rockingham, NH",9808.8732786793,7674.95745824685,69.4117599583048,2812.16787488218,872.604982332975,1209.74781641617,0.531683539557555,1278.10201343547
3236_10,3236,10,Pipeline Natural Gas,Manchester Street Station,0.01086,0.35130183062343,0.0093216302275336,6.02519500910613,,,,120,2025,A,1,622.33252,7064.4872566862,7273.31932250943,216.126453629104,8621826.83164502,RI,Pipeline Natural Gas,Diesel Oil,12,173,44,7,1219781,0500000US44007,44007,Providence,Providence County,RI,Rhode Island,06,1060557969,67864689,-71.4042|41.8167,"Providence, RI",17091.1584948763,9824.73882381263,113.042009074954,3143.36112954038,1118.52093189954,1642.08392129933,0.594300712410949,1428.34059074282
3236_11,3236,11,Pipeline Natural Gas,Manchester Street Station,0.01086,0.374628888900937,0.0105233858163834,6.16389562663567,,,,120,2025,A,1,657.04558,7272.84654388033,7757.0282974071,190.027023646547,8698763.31730376,RI,Pipeline Natural Gas,Diesel Oil,12,171,44,7,1219781,0500000US44007,44007,Providence,Providence County,RI,Rhode Island,06,1060557969,67864689,-71.4042|41.8167,"Providence, RI",17091.1584948763,9824.73882381263,113.042009074954,3143.36112954038,1118.52093189954,1642.08392129933,0.594300712410949,1428.34059074282
3236_9,3236,9,Pipeline Natural Gas,Manchester Street Station,0.01086,0.406024227385971,0.0099692161106963,5.97004356114368,,,,120,2025,A,1,578.96507,7126.71104046125,8954.16145528077,140.978669499519,8426516.5374887,RI,Pipeline Natural Gas,Diesel Oil,12,171,44,7,1219781,0500000US44007,44007,Providence,Providence County,RI,Rhode Island,06,1060557969,67864689,-71.4042|41.8167,"Providence, RI",17091.1584948763,9824.73882381263,113.042009074954,3143.36112954038,1118.52093189954,1642.08392129933,0.594300712410949,1428.34059074282
50002_1,50002,1,Pipeline Natural Gas,Pittsfield Generating,0.01086,0.283868148005778,,3.936142228699,0.0752493802444229,0.00429651113034719,7.15948584137344,120,2025,A,1,28.27852,3703.35810698411,1786.99403552951,114.029963945861,1940988.04161464,MA,Pipeline Natural Gas,Diesel Oil,12,93.4,25,3,606928,0500000US25003,25003,Berkshire,Berkshire County,MA,Massachusetts,06,2400592147,50709767,-73.2181|42.4564,"Berkshire, MA",9356.70524237949,5269.34417740617,105.10923650829,2193.41161468243,624.705839624744,777.411711533014,0.414698162729659,997.41676720856
50002_2,50002,2,Pipeline Natural Gas,Pittsfield Generating,0.01086,0.272378692142495,,4.07663733754384,0.0752493802444229,0.00429651113034719,7.15948584137344,120,2025,A,1,33.35142,3888.85290859488,1849.82220155837,135.1582722549,2136196.22304205,MA,Pipeline Natural Gas,Diesel Oil,12,93.4,25,3,606928,0500000US25003,25003,Berkshire,Berkshire County,MA,Massachusetts,06,2400592147,50709767,-73.2181|42.4564,"Berkshire, MA",9356.70524237949,5269.34417740617,105.10923650829,2193.41161468243,624.705839624744,777.411711533014,0.414698162729659,997.41676720856
50002_3,50002,3,Pipeline Natural Gas,Pittsfield Generating,0.01086,0.252982615632178,,4.07206053932513,0.0752493802444229,0.00429651113034719,7.15948584137344,120,2025,A,1,34.05643,3755.15208682396,1712.6154411822,136.172205916551,2075977.9059729,MA,Pipeline Natural Gas,Diesel Oil,12,93.4,25,3,606928,0500000US25003,25003,Berkshire,Berkshire County,MA,Massachusetts,06,2400592147,50709767,-73.2181|42.4564,"Berkshire, MA",9356.70524237949,5269.34417740617,105.10923650829,2193.41161468243,624.705839624744,777.411711533014,0.414698162729659,997.41676720856
51030_1,51030,1,Pipeline Natural Gas,Ocean State Power,0.01086,0.310524523930927,0.00715095164719093,5.0553221108375,,,,120,2025,A,1,240.50294,8814.47985005814,3923.60869296378,85.5505923202485,6954219.54009434,RI,Pipeline Natural Gas,Diesel Oil,12,171.4,44,7,1219781,0500000US44007,44007,Providence,Providence County,RI,Rhode Island,06,1060557969,67864689,-71.6701|42.0099,"Providence, RI",17091.1584948763,9824.73882381263,113.042009074954,3143.36112954038,1118.52093189954,1642.08392129933,0.594300712410949,1428.34059074282
51030_2,51030,2,Pipeline Natural Gas,Ocean State Power,0.01086,0.33756471687388,0.00736482403036001,5.04870724363235,,,,120,2025,A,1,198.84579,7496.92357701018,3632.26672105988,73.2265922042273,6784010.88427203,RI,Pipeline Natural Gas,Diesel Oil,12,171.4,44,7,1219781,0500000US44007,44007,Providence,Providence County,RI,Rhode Island,06,1060557969,67864689,-71.6701|42.0099,"Providence, RI",17091.1584948763,9824.73882381263,113.042009074954,3143.36112954038,1118.52093189954,1642.08392129933,0.594300712410949,1428.34059074282
52026_1,52026,1,Pipeline Natural Gas,Dartmouth Power,0.01086,0.263219347984846,0.0102245273870668,5.0605629731809,,,,120,2025,A,1,376.9124,7974.43911155383,5284.93093318856,193.218678042689,2702688.16704181,MA,Pipeline Natural Gas,Diesel Oil,12,77,25,5,606929,0500000US25005,25005,Bristol,Bristol County,MA,Massachusetts,06,1432555935,357450957,-70.9989|41.6728,"Bristol, MA",15286.4527359604,9057.24307798795,93.210077658295,2980.73929192378,1021.34446795791,1346.58814319111,0.56355455568054,1354.57075038831
52026_2,52026,2,Pipeline Natural Gas,Dartmouth Power,0.01708,0.128847584809838,,7.40243375091672,0.0982597055450186,0.00790484980629319,13.1722979241646,120,2025,A,1,97.98375,3920.87974432441,863.484402959746,446.744404918115,883077.61659477,MA,Pipeline Natural Gas,Diesel Oil,12,24.7,25,5,606929,0500000US25005,25005,Bristol,Bristol County,MA,Massachusetts,06,1432555935,357450957,-70.9989|41.6728,"Bristol, MA",15286.4527359604,9057.24307798795,93.210077658295,2980.73929192378,1021.34446795791,1346.58814319111,0.56355455568054,1354.57075038831
542_13,542,13,Other Oil,Cos Cob,0.0244538222222222,18.2012578616352,,10.3813245033112,0.0982597055450186,0.00790484980629319,13.1722979241646,120,2025,A,1,1.75383,1372.91815578581,2375.9236948646,13.8637627357712,30846.268,CT,Other Oil,"",0.1666667,20,9,190,2830254,0500000US09190,9005,Litchfield,Western Connecticut Planning Region,CT,Connecticut,PL,1378207191,300180641,-73.5989|41.0289,"Litchfield, CT",24430.9563121816,12839.1923991447,144.773099341607,4273.78122028991,1437.81502770774,1733.31080581596,0.808023997000375,1941.1309444266
542_14,542,14,Other Oil,Cos Cob,0.0244538222222222,16.3363199300699,,10.33153125,0.0982597055450186,0.00790484980629319,13.1722979241646,120,2025,A,1,1.94396,1521.75409140076,2771.58215342191,15.3667118294417,32863.692,CT,Other Oil,"",0.1666667,20,9,190,2830254,0500000US09190,9005,Litchfield,Western Connecticut Planning Region,CT,Connecticut,PL,1378207191,300180641,-73.5989|41.0289,"Litchfield, CT",24430.9563121816,12839.1923991447,144.773099341607,4273.78122028991,1437.81502770774,1733.31080581596,0.808023997000375,1941.1309444266
54324_3,54324,3,Pipeline Natural Gas,Ocean State Power II,0.01086,0.349429327353847,0.00766531115466271,5.14422086618702,,,,120,2025,A,1,170.30605,8074.31383172462,3731.33500703136,79.1826488645248,6656683.35933414,RI,Pipeline Natural Gas,Diesel Oil,12,171.4,44,7,1219781,0500000US44007,44007,Providence,Providence County,RI,Rhode Island,06,1060557969,67864689,-71.6701|42.0099,"Providence, RI",17091.1584948763,9824.73882381263,113.042009074954,3143.36112954038,1118.52093189954,1642.08392129933,0.594300712410949,1428.34059074282
54324_4,54324,4,Pipeline Natural Gas,Ocean State Power II,0.01086,0.371240900397257,0.00752878608044111,5.23422644891236,,,,120,2025,A,1,202.19708,8314.45110122049,4068.33962816523,79.7957412741554,6889683.12147645,RI,Pipeline Natural Gas,Diesel Oil,12,171.4,44,7,1219781,0500000US44007,44007,Providence,Providence County,RI,Rhode Island,06,1060557969,67864689,-71.6701|42.0099,"Providence, RI",17091.1584948763,9824.73882381263,113.042009074954,3143.36112954038,1118.52093189954,1642.08392129933,0.594300712410949,1428.34059074282
546_6,546,6,Residual Oil,Montville,0.007372,2.5703014844073,3.52770410860873,4.23686656522432,,,,249,2025,A,1,109.58967,3277.46045388343,9870.78406564591,11481.0910414328,2976676.74837,CT,Residual Oil,"",0.1666667,414.9,9,180,2830253,0500000US09180,9011,New London,Southeastern Connecticut Planning Region,CT,Connecticut,PL,1549172294,216453476,-72.1019|41.4281,"New London, CT",12131.19244757,8053.74734830503,148.739485624939,3270.28549060699,928.134390299619,1253.37806553282,0.618297712785902,1485.91705150732
54805_1,54805,1,Pipeline Natural Gas,"Milford Power, LLC",0.01086,0.29625559058736,0.00596246996508535,4.4435368366288,,,,120,2025,A,1,165.00726,4648.4663617722,4105.15614754249,46.940734156855,6359265.2916,MA,Pipeline Natural Gas,"",1,249.3,25,27,606940,0500000US25027,25027,Worcester,Worcester County,MA,Massachusetts,06,3912636723,177350055,-71.5122|42.1292,"Worcester, MA",25775.5612622311,12803.4949225947,45.6134422583146,4620.84002008144,1455.66376598274,2135.89901357412,0.873640794900637,2098.56657932952
55026_1,55026,1,Pipeline Natural Gas,Dighton,0.01086,0.10274956870837,0.0046255564619282,5.71616640458995,,,,120,2025,A,1,1279.64509,10723.4227687884,3929.94335959733,108.272431003704,9265476.94680469,MA,Pipeline Natural Gas,"",12,200,25,5,606929,0500000US25005,25005,Bristol,Bristol County,MA,Massachusetts,06,1432555935,357450957,-71.1239|41.8312,"Bristol, MA",15286.4527359604,9057.24307798795,93.210077658295,2980.73929192378,1021.34446795791,1346.58814319111,0.56355455568054,1354.57075038831
55041_1,55041,1,Pipeline Natural Gas,Berkshire Power,0.01086,0.106522675724444,0.00432470321680785,4.84666968816145,,,,120,2025,A,1,1769.82068,7978.65628900192,3993.05284978355,80.682285653097,12143546.2727012,MA,Pipeline Natural Gas,"",12,289,25,13,606933,0500000US25013,25013,Hampden,Hampden County,MA,Massachusetts,06,1598035447,44416565,-72.6478|42.0476,"Hampden, MA",12950.251215078,6613.94912745562,77.3445325249682,2306.45362375739,765.512552683019,1070.92429649956,0.436070491188601,1048.69580257694
55042_BE1,55042,BE1,Pipeline Natural Gas,Bridgeport Energy,0.01086,0.130279468990328,0.0044158387045684,4.5451496856166,,,,120,2025,A,1,1774.86094,4372.0776967424,1336.24015463624,44.148165893099,13927169.0081858,CT,Pipeline Natural Gas,"",12,350,9,120,2830245,0500000US09120,9001,Fairfield,Greater Bridgeport Planning Region,CT,Connecticut,PL,363067866,253764138,-73.1844|41.1692,"Fairfield, CT",30174.2836504459,15996.4358806768,255.831915274895,4616.8736337981,1786.85702064093,2298.52085119072,0.87289088863892,2096.76731493062
55042_BE2,55042,BE2,Pipeline Natural Gas,Bridgeport Energy,0.01086,0.126452687627038,0.00431469081792378,4.57081865714997,,,,120,2025,A,1,1916.8202,6383.21782815668,1732.64474676829,56.837253840855,14023255.5064722,CT,Pipeline Natural Gas,"",12,350,9,120,2830245,0500000US09120,9001,Fairfield,Greater Bridgeport Planning Region,CT,Connecticut,PL,363067866,253764138,-73.1844|41.1692,"Fairfield, CT",30174.2836504459,15996.4358806768,255.831915274895,4616.8736337981,1786.85702064093,2298.52085119072,0.87289088863892,2096.76731493062
55048_1,55048,1,Pipeline Natural Gas,"Tiverton Power, LLC",0.01086,0.0776372953659666,0.0042141920506606,5.82266882279321,,,,120,2025,A,1,2110.28346,6499.7828653329,2005.70678646679,64.919596652537,13673723.1961628,RI,Pipeline Natural Gas,"",12,272.5,44,5,1219779,0500000US44005,44005,Newport,Newport County,RI,Rhode Island,06,265293779,547001789,-71.17|41.6417,"Newport, RI",10869.8816094705,6578.25165090563,97.1764639416268,2231.09228437408,763.529359541353,981.680605124597,0.421822272215973,1014.50977899802
55068_1,55068,1,Pipeline Natural Gas,Maine Independence Station,0.01086,0.198975609470099,0.00702507591076798,3.34050948485304,,,,120,2025,A,1,112.01182,6324.92730435501,3446.01201924931,63.0860393366256,8016370.44323282,ME,Pipeline Natural Gas,"",12,371.2,23,19,581295,0500000US23019,23019,Penobscot,Penobscot County,ME,Maine,06,8798671486,414011334,-68.7106|44.8236,"Penobscot, ME",178.487382749927,412.504173466497,29.7478971249878,374.823503774846,57.5126011083097,71.3949530999707,0.0708661417322835,172.454040317289
55068_2,55068,2,Pipeline Natural Gas,Maine Independence Station,0.01086,0.209194638759059,0.00702832289045814,3.32826874511872,,,,120,2025,A,1,89.1255,5720.5080478751,3722.874141618,55.8441576344404,7702695.15388845,ME,Pipeline Natural Gas,"",12,371.2,23,19,581295,0500000US23019,23019,Penobscot,Penobscot County,ME,Maine,06,8798671486,414011334,-68.7106|44.8236,"Penobscot, ME",178.487382749927,412.504173466497,29.7478971249878,374.823503774846,57.5126011083097,71.3949530999707,0.0708661417322835,172.454040317289
55079_1,55079,1,Pipeline Natural Gas,Millennium Power,0.01086,0.140332930840131,0.00644244304243183,5.87109948258808,,,,120,2025,A,1,1336.29721,16269.4392264512,4525.72619482506,164.26317089921,18197728.3432222,MA,Pipeline Natural Gas,Diesel Oil,12,360,25,27,606940,0500000US25027,25027,Worcester,Worcester County,MA,Massachusetts,06,3912636723,177350055,-72.0152|42.1127,"Worcester, MA",25775.5612622311,12803.4949225947,45.6134422583146,4620.84002008144,1455.66376598274,2135.89901357412,0.873640794900637,2098.56657932952
55100_1,55100,1,Pipeline Natural Gas,Rumford Power,0.01086,0.16002248817406,0.0043765845426975,4.70226273380671,,,,120,2025,A,1,1293.27773,6005.22130240249,5291.07237568405,59.1792461499661,8859834.88863641,ME,Pipeline Natural Gas,"",12,272.9,23,17,581294,0500000US23017,23017,Oxford,Oxford County,ME,Maine,06,5379296162,255883190,-70.5219|44.5303,"Oxford, ME",618.756260199746,1336.67217748278,77.3445325249682,967.798253132936,164.605030758266,210.21847301658,0.182977127859018,441.444067951411
55107_RISEP1,55107,RISEP1,Pipeline Natural Gas,Rhode Island State Energy Center,0.01086,0.046178637563448,0.00405522201861036,4.20926709206178,,,,185,2025,A,1,2113.63159,6852.38135761593,1069.98791097347,69.1843940144315,14715828.7618633,RI,Pipeline Natural Gas,"",12,400,44,7,1219781,0500000US44007,44007,Providence,Providence County,RI,Rhode Island,06,1060557969,67864689,-71.5186|41.8017,"Providence, RI",17091.1584948763,9824.73882381263,113.042009074954,3143.36112954038,1118.52093189954,1642.08392129933,0.594300712410949,1428.34059074282
55107_RISEP2,55107,RISEP2,Pipeline Natural Gas,Rhode Island State Energy Center,0.01086,0.0454323517893002,0.0040814899789142,4.1843749379984,,,,185,2025,A,1,2039.61431,4815.36131057254,719.225877152089,47.8566781508779,14599809.7098485,RI,Pipeline Natural Gas,"",12,400,44,7,1219781,0500000US44007,44007,Providence,Providence County,RI,Rhode Island,06,1060557969,67864689,-71.5186|41.8017,"Providence, RI",17091.1584948763,9824.73882381263,113.042009074954,3143.36112954038,1118.52093189954,1642.08392129933,0.594300712410949,1428.34059074282
55126_CT01,55126,CT01,Pipeline Natural Gas,Milford Power Company LLC,0.01086,0.0537507457645427,0.00425114940731718,5.85113735966145,,,,120,2025,A,1,2170.47027,7300.12936306801,2258.05491755631,73.7071952257283,14828474.3564663,CT,Pipeline Natural Gas,Diesel Oil,12,289,9,170,2830252,0500000US09170,9009,New Haven,South Central Connecticut Planning Region,CT,Connecticut,PL,951177351,653525530,-73.1|41.2239,"New Haven, CT",20654.9565704499,10322.5203023708,85.2773050916317,3095.7644941404,1152.23521530786,1378.31923345777,0.585301837270341,1406.74941795614
55126_CT02,55126,CT02,Pipeline Natural Gas,Milford Power Company LLC,0.01086,0.0504264680152458,0.00420407720590185,5.70037350691561,,,,120,2025,A,1,2120.64918,6592.77858697573,1344.06652950189,66.5651779067889,14446792.2520426,CT,Pipeline Natural Gas,Diesel Oil,12,289,9,170,2830252,0500000US09170,9009,New Haven,South Central Connecticut Planning Region,CT,Connecticut,PL,951177351,653525530,-73.1|41.2239,"New Haven, CT",20654.9565704499,10322.5203023708,85.2773050916317,3095.7644941404,1152.23521530786,1378.31923345777,0.585301837270341,1406.74941795614
55149_LRG1,55149,LRG1,Pipeline Natural Gas,Lake Road Generating Company,0.01086,0.0799124205872084,0.00672815656270523,5.76363212167193,,,,120,2025,A,1,864.54881,7771.75939751001,1077.46185856764,78.4714935551934,14156992.3906759,CT,Pipeline Natural Gas,Diesel Oil,12,280,9,150,2830250,0500000US09150,9015,Windham,Northeastern Connecticut Planning Region,CT,Connecticut,PL,1434581261,23987846,-71.8947|41.8736,"Windham, CT",9773.17580212932,6689.31046683892,148.739485624939,2901.41156625714,767.495745824685,1068.94110335789,0.548556430446194,1318.58546241051
55149_LRG2,55149,LRG2,Pipeline Natural Gas,Lake Road Generating Company,0.01086,0.0762183801784885,0.00667598916760231,5.83744878097361,,,,120,2025,A,1,943.49737,6882.72504050065,838.144323388529,69.4953999147457,14323301.7345831,CT,Pipeline Natural Gas,Diesel Oil,12,280,9,150,2830250,0500000US09150,9015,Windham,Northeastern Connecticut Planning Region,CT,Connecticut,PL,1434581261,23987846,-71.8947|41.8736,"Windham, CT",9773.17580212932,6689.31046683892,148.739485624939,2901.41156625714,767.495745824685,1068.94110335789,0.548556430446194,1318.58546241051
55149_LRG3,55149,LRG3,Pipeline Natural Gas,Lake Road Generating Company,0.01086,0.0692693018376058,0.00663845839800555,5.74697480647036,,,,120,2025,A,1,898.25817,7577.32114611237,948.665103452868,76.5088875842233,14102735.916511,CT,Pipeline Natural Gas,Diesel Oil,12,280,9,150,2830250,0500000US09150,9015,Windham,Northeastern Connecticut Planning Region,CT,Connecticut,PL,1434581261,23987846,-71.8947|41.8736,"Windham, CT",9773.17580212932,6689.31046683892,148.739485624939,2901.41156625714,767.495745824685,1068.94110335789,0.548556430446194,1318.58546241051
55170_0001,55170,0001,Pipeline Natural Gas,Granite Ridge Energy,0.01086,0.0951198119318001,0.006466382227098,3.89653474465966,,,,120,2025,A,1,316.03048,6081.33440836072,1069.65664775321,61.3997313630893,17867031.6847175,NH,Pipeline Natural Gas,"",12,530,33,11,873179,0500000US33011,33011,Hillsborough,Hillsborough County,NH,New Hampshire,06,2270221473,41290396,-71.4251|42.9043,"Hillsborough, NH",5991.22648097254,6828.13398675553,77.3445325249682,3058.08382444874,795.260449808007,1189.91588499951,0.578177727784027,1389.65640616668
55170_0002,55170,0002,Pipeline Natural Gas,Granite Ridge Energy,0.01086,0.0954381873241828,0.00643347607934406,3.90875996484579,,,,120,2025,A,1,362.85098,6667.55886397582,1250.44825619547,66.5465076622902,18036321.6572421,NH,Pipeline Natural Gas,"",12,530,33,11,873179,0500000US33011,33011,Hillsborough,Hillsborough County,NH,New Hampshire,06,2270221473,41290396,-71.4251|42.9043,"Hillsborough, NH",5991.22648097254,6828.13398675553,77.3445325249682,3058.08382444874,795.260449808007,1189.91588499951,0.578177727784027,1389.65640616668
55211_1,55211,1,Pipeline Natural Gas,Bellingham Power Generation LLC,0.01086,0.099102426565318,0.00670280559501631,4.92545483492045,,,,120,2025,A,1,563.28896,8787.80506245182,2732.20049082873,88.7278446173433,12266027.5098304,MA,Pipeline Natural Gas,"",12,289,25,21,606937,0500000US25021,25021,Norfolk,Norfolk County,MA,Massachusetts,06,1025902103,124954020,-71.4529|42.1113,"Norfolk, MA",27076.5359631639,13582.8898272694,97.1764639416268,3639.15941495684,1503.26040138272,2084.33599189081,0.688038995125609,1653.24864060413
55211_2,55211,2,Pipeline Natural Gas,Bellingham Power Generation LLC,0.01086,0.100010699133438,0.00657646848706688,4.89564713041595,,,,120,2025,A,1,636.24043,10044.7948372184,3435.13633871986,101.419458575643,12235002.1353824,MA,Pipeline Natural Gas,"",12,289,25,21,606937,0500000US25021,25021,Norfolk,Norfolk County,MA,Massachusetts,06,1025902103,124954020,-71.4529|42.1113,"Norfolk, MA",27076.5359631639,13582.8898272694,97.1764639416268,3639.15941495684,1503.26040138272,2084.33599189081,0.688038995125609,1653.24864060413
55212_1,55212,1,Pipeline Natural Gas,Blackstone Power Generation LLC,0.01086,0.0966242307385857,0.00647354311954547,4.77574104763076,,,,120,2025,A,1,443.57263,7453.18162497061,2919.88258846862,75.2524054506519,11853833.0955479,MA,Pipeline Natural Gas,"",12,289,25,27,606940,0500000US25027,25027,Worcester,Worcester County,MA,Massachusetts,06,3912636723,177350055,-71.5172|42.0575,"Worcester, MA",25775.5612622311,12803.4949225947,45.6134422583146,4620.84002008144,1455.66376598274,2135.89901357412,0.873640794900637,2098.56657932952
55212_2,55212,2,Pipeline Natural Gas,Blackstone Power Generation LLC,0.01086,0.0926898935203814,0.0065328506202158,4.89456011416523,,,,120,2025,A,1,529.24501,7322.77512211237,2630.29965742725,73.9383879879959,12233111.4972298,MA,Pipeline Natural Gas,"",12,289,25,27,606940,0500000US25027,25027,Worcester,Worcester County,MA,Massachusetts,06,3912636723,177350055,-71.5172|42.0575,"Worcester, MA",25775.5612622311,12803.4949225947,45.6134422583146,4620.84002008144,1455.66376598274,2135.89901357412,0.873640794900637,2098.56657932952
55294_1,55294,1,Pipeline Natural Gas,Westbrook Energy Center,0.01086,0.0975247908904647,0.00384732804085183,3.77601010221975,,,,120,2025,A,1,1901.20045,3217.47065147937,1366.84363074557,32.4856076654917,12028356.2232185,ME,Pipeline Natural Gas,"",12,379.7,23,5,581288,0500000US23005,23005,Cumberland,Cumberland County,ME,Maine,06,2165743897,987468030,-70.3772|43.6576,"Cumberland, ME",1096.70580734122,2784.40317089886,101.142850224958,1447.73099341607,329.210061516531,444.235263733151,0.273715785526809,659.155060217156
55294_2,55294,2,Pipeline Natural Gas,Westbrook Energy Center,0.01086,0.0952449192193872,0.00384168066172343,3.7639392462458,,,,120,2025,A,1,1916.78732,3167.1585065382,1393.65318564346,31.9776567214503,11818513.2131729,ME,Pipeline Natural Gas,"",12,379.7,23,5,581288,0500000US23005,23005,Cumberland,Cumberland County,ME,Maine,06,2165743897,987468030,-70.3772|43.6576,"Cumberland, ME",1096.70580734122,2784.40317089886,101.142850224958,1447.73099341607,329.210061516531,444.235263733151,0.273715785526809,659.155060217156
55517_CT01,55517,CT01,Pipeline Natural Gas,"Wallingford Energy, LLC",0.01708,0.0846001718347262,0.0049251589099281,5.81527370263986,,,,120,2025,A,1,127.43521,1660.10145228644,380.908554306927,20.7394046551223,1205642.61559458,CT,Pipeline Natural Gas,"",1,50,9,170,2830252,0500000US09170,9009,New Haven,South Central Connecticut Planning Region,CT,Connecticut,PL,951177351,653525530,-72.8358|41.4486,"New Haven, CT",20654.9565704499,10322.5203023708,85.2773050916317,3095.7644941404,1152.23521530786,1378.31923345777,0.585301837270341,1406.74941795614
55517_CT02,55517,CT02,Pipeline Natural Gas,"Wallingford Energy, LLC",0.01708,0.0888851921916474,0.00493319660448466,5.86061282795698,,,,120,2025,A,1,122.50051,1657.9842881982,398.83292940169,19.5165694752554,1195372.2795065,CT,Pipeline Natural Gas,"",1,50,9,170,2830252,0500000US09170,9009,New Haven,South Central Connecticut Planning Region,CT,Connecticut,PL,951177351,653525530,-72.8358|41.4486,"New Haven, CT",20654.9565704499,10322.5203023708,85.2773050916317,3095.7644941404,1152.23521530786,1378.31923345777,0.585301837270341,1406.74941795614
55517_CT03,55517,CT03,Pipeline Natural Gas,"Wallingford Energy, LLC",0.01708,0.0877952990716528,0.0051943272667331,5.86209725810704,,,,120,2025,A,1,118.39167,1986.0169298445,414.033069154009,23.1278921726867,1274868.67500304,CT,Pipeline Natural Gas,"",1,50,9,170,2830252,0500000US09170,9009,New Haven,South Central Connecticut Planning Region,CT,Connecticut,PL,951177351,653525530,-72.8358|41.4486,"New Haven, CT",20654.9565704499,10322.5203023708,85.2773050916317,3095.7644941404,1152.23521530786,1378.31923345777,0.585301837270341,1406.74941795614
55517_CT04,55517,CT04,Pipeline Natural Gas,"Wallingford Energy, LLC",0.01708,0.080067780519505,0.00508305298649438,5.98121654454622,,,,120,2025,A,1,122.81767,1650.90327058963,357.930248196492,19.3850665164482,1194876.79681906,CT,Pipeline Natural Gas,"",1,50,9,170,2830252,0500000US09170,9009,New Haven,South Central Connecticut Planning Region,CT,Connecticut,PL,951177351,653525530,-72.8358|41.4486,"New Haven, CT",20654.9565704499,10322.5203023708,85.2773050916317,3095.7644941404,1152.23521530786,1378.31923345777,0.585301837270341,1406.74941795614
55517_CT05,55517,CT05,Pipeline Natural Gas,"Wallingford Energy, LLC",0.01708,0.0821889045537378,0.00488463007853837,5.86282389157074,,,,120,2025,A,1,133.28689,1771.999366299,393.483760150564,20.9646419146719,1275165.97200715,CT,Pipeline Natural Gas,"",1,50,9,170,2830252,0500000US09170,9009,New Haven,South Central Connecticut Planning Region,CT,Connecticut,PL,951177351,653525530,-72.8358|41.4486,"New Haven, CT",20654.9565704499,10322.5203023708,85.2773050916317,3095.7644941404,1152.23521530786,1378.31923345777,0.585301837270341,1406.74941795614
55517_CT06,55517,CT06,Pipeline Natural Gas,"Wallingford Energy, LLC",0.01708,0.0957231618940912,0.00519332342188993,5.9731931940599,,,,120,2025,A,1,86.52053,1338.90827399521,415.453624419185,14.2163284378649,925232.054016962,CT,Pipeline Natural Gas,"",1,50,9,170,2830252,0500000US09170,9009,New Haven,South Central Connecticut Planning Region,CT,Connecticut,PL,951177351,653525530,-72.8358|41.4486,"New Haven, CT",20654.9565704499,10322.5203023708,85.2773050916317,3095.7644941404,1152.23521530786,1378.31923345777,0.585301837270341,1406.74941795614
55517_CT07,55517,CT07,Pipeline Natural Gas,"Wallingford Energy, LLC",0.01708,0.095244165551804,0.00504412732793952,5.82665841238634,,,,120,2025,A,1,86.3636,1337.69541354537,403.537359429526,14.2617637571558,919872.283330052,CT,Pipeline Natural Gas,"",1,50,9,170,2830252,0500000US09170,9009,New Haven,South Central Connecticut Planning Region,CT,Connecticut,PL,951177351,653525530,-72.8358|41.4486,"New Haven, CT",20654.9565704499,10322.5203023708,85.2773050916317,3095.7644941404,1152.23521530786,1378.31923345777,0.585301837270341,1406.74941795614
55661_1,55661,1,Pipeline Natural Gas,Newington Energy,0.01086,0.0954793076299623,0.00737485309165827,3.61690021143601,,,,150,2025,A,1,1236.15621,11345.7976193855,4042.36475547856,180.760644349545,11404832.9027018,NH,Pipeline Natural Gas,Other Oil,12,419.9,33,15,873181,0500000US33015,33015,Rockingham,Rockingham County,NH,New Hampshire,06,1801152748,258528921,-70.8044|43.1047,"Rockingham, NH",9808.8732786793,7674.95745824685,69.4117599583048,2812.16787488218,872.604982332975,1209.74781641617,0.531683539557555,1278.10201343547
55661_2,55661,2,Pipeline Natural Gas,Newington Energy,0.01086,0.0988050879960776,0.00703085299455535,3.4785549190011,,,,150,2025,A,1,1119.50393,7925.88206760206,3660.78252130856,121.483425915064,10986886.6281126,NH,Pipeline Natural Gas,Other Oil,12,419.9,33,15,873181,0500000US33015,33015,Rockingham,Rockingham County,NH,New Hampshire,06,1801152748,258528921,-70.8044|43.1047,"Rockingham, NH",9808.8732786793,7674.95745824685,69.4117599583048,2812.16787488218,872.604982332975,1209.74781641617,0.531683539557555,1278.10201343547
56047_1,56047,1,Pipeline Natural Gas,CPV Towantic Energy Center,0.01086,0.0385471115421012,0.00391840309429873,4.09788770834317,,,,150,2025,A,1,3044.5599,3472.82223338358,354.547926386333,35.4154441655179,20401763.8254296,CT,Pipeline Natural Gas,Diesel Oil,12,565.5,9,140,2830249,0500000US09140,9009,New Haven,Naugatuck Valley Planning Region,CT,Connecticut,PL,1069106360,22747873,-73.1229|41.4841,"New Haven, CT",20654.9565704499,10322.5203023708,85.2773050916317,3095.7644941404,1152.23521530786,1378.31923345777,0.585301837270341,1406.74941795614
56047_2,56047,2,Pipeline Natural Gas,CPV Towantic Energy Center,0.01086,0.0368651735200579,0.00393607903409032,4.09512246173096,,,,150,2025,A,1,2999.91697,3391.08374120034,336.991210667725,34.5948234649132,20412736.8435269,CT,Pipeline Natural Gas,Diesel Oil,12,565.5,9,140,2830249,0500000US09140,9009,New Haven,Naugatuck Valley Planning Region,CT,Connecticut,PL,1069106360,22747873,-73.1229|41.4841,"New Haven, CT",20654.9565704499,10322.5203023708,85.2773050916317,3095.7644941404,1152.23521530786,1378.31923345777,0.585301837270341,1406.74941795614
56629_10,56629,10,Pipeline Natural Gas,Waterbury Generation,0.01708,0.138499847894713,0.0241574688682868,5.46500168713353,,,,120,2025,A,1,208.86479,1757.34100212444,885.870490071653,102.169990823541,2055090.29277773,CT,Pipeline Natural Gas,Diesel Oil,1,96,9,140,2830249,0500000US09140,9009,New Haven,Naugatuck Valley Planning Region,CT,Connecticut,PL,1069106360,22747873,-73.0416|41.5444,"New Haven, CT",20654.9565704499,10322.5203023708,85.2773050916317,3095.7644941404,1152.23521530786,1378.31923345777,0.585301837270341,1406.74941795614
56798_U1,56798,U1,Pipeline Natural Gas,Kleen Energy Systems Project,0.01086,0.0513622485321435,0.00415651037271866,3.78853686768393,,,,215,2025,A,1,1857.52854,6342.09160084032,810.660964775606,63.9130051450792,16304339.1274412,CT,Pipeline Natural Gas,Diesel Oil,12,494,9,130,2830246,0500000US09130,9007,Middlesex,Lower Connecticut River Valley Planning Region,CT,Connecticut,PL,1098459139,241084217,-72.597|41.5526,"Middlesex, CT",9925.88167403759,5154.31897518955,69.4117599583048,1897.91583657422,592.97474935809,763.529359541353,0.358830146231721,863.371569491222
56798_U2,56798,U2,Pipeline Natural Gas,Kleen Energy Systems Project,0.01086,0.0502289901404963,0.00417489357774827,3.79685031725375,,,,215,2025,A,1,1818.27274,5402.88640642415,770.855781113353,54.4228037308173,16361422.3297478,CT,Pipeline Natural Gas,Diesel Oil,12,494,9,130,2830246,0500000US09130,9007,Middlesex,Lower Connecticut River Valley Planning Region,CT,Connecticut,PL,1098459139,241084217,-72.597|41.5526,"Middlesex, CT",9925.88167403759,5154.31897518955,69.4117599583048,1897.91583657422,592.97474935809,763.529359541353,0.358830146231721,863.371569491222
58054_ST01,58054,ST01,Wood,Burgess BioPower,0.0029403,0.919415251384585,0.0664540652454153,13.6920991765277,,,,120,2025,A,1,648.07745,27912.9627890449,17072.7675212957,1254.58667390205,8797244.70187937,NH,Wood,Diesel Oil,24,75,33,7,873177,0500000US33007,33007,Coos,Coos County,NH,New Hampshire,06,4647924493,92541532,-71.1753|44.4719,"Coos, NH",1029.27724052458,1245.44529296616,65.4453736749731,938.050356007948,160.638644474934,202.285700449917,0.177352830896138,427.949584959733
589_1,589,1,Wood,J C McNeil,0.0043956,0.977526779198758,0.00888960355170592,11.5488868894926,,,,120,2025,A,1,458.63865,39079.2323917791,25442.2791895913,105.661238298054,5923689.39018592,VT,Wood,"Diesel Oil, Pipeline Natural Gas",24,59.5,50,7,1461760,0500000US50007,50007,Chittenden,Chittenden County,VT,Vermont,06,1390433441,217071279,-73.2081|44.4917,"Chittenden, VT",2855.79812399883,1743.22677152428,63.4621805333073,997.546150257924,226.084018149907,311.361323241539,0.188601424821897,454.93855094309
59882_J4,59882,J4,Pipeline Natural Gas,Exelon West Medway II,0.01708,0.0880589992596036,0.00566785043993319,3.69253821484126,,,,120,2025,A,1,118.60292,3995.45553170587,1009.07521714254,40.2130189520663,2328409.80297,MA,Pipeline Natural Gas,Diesel Oil,0.1666667,131.8,25,21,606937,0500000US25021,25021,Norfolk,Norfolk County,MA,Massachusetts,06,1025902103,124954020,-71.444|42.1375,"Norfolk, MA",27076.5359631639,13582.8898272694,97.1764639416268,3639.15941495684,1503.26040138272,2084.33599189081,0.688038995125609,1653.24864060413
59882_J5,59882,J5,Pipeline Natural Gas,Exelon West Medway II,0.01708,0.0882895644633336,0.00563584732155194,3.6213166888177,,,,120,2025,A,1,105.17672,3473.20170419292,866.089767094696,35.458793021196,2161996.45093,MA,Pipeline Natural Gas,Diesel Oil,0.1666667,131.8,25,21,606937,0500000US25021,25021,Norfolk,Norfolk County,MA,Massachusetts,06,1025902103,124954020,-71.444|42.1375,"Norfolk, MA",27076.5359631639,13582.8898272694,97.1764639416268,3639.15941495684,1503.26040138272,2084.33599189081,0.688038995125609,1653.24864060413
6081_001,6081,001,Pipeline Natural Gas,Stony Brook Energy Center,0.01086,2.02056666190468,,3.97296691782876,0.230819330694748,0.00495111158786224,7.94483401813892,120,2025,A,1,20.5272,2875.09565089049,7757.92753798582,101.632457786366,2798612.90075,MA,Pipeline Natural Gas,Diesel Oil,0.1666667,190,25,13,606933,0500000US25013,25013,Hampden,Hampden County,MA,Massachusetts,06,1598035447,44416565,-72.5103|42.1977,"Hampden, MA",12950.251215078,6613.94912745562,77.3445325249682,2306.45362375739,765.512552683019,1070.92429649956,0.436070491188601,1048.69580257694
6081_002,6081,002,Pipeline Natural Gas,Stony Brook Energy Center,0.01086,1.88816294540922,,3.68621594018958,0.230819330694748,0.00495111158786224,7.94483401813892,120,2025,A,1,8.93207,998.848247465167,2293.82225355869,44.2236752805967,830634.688,MA,Pipeline Natural Gas,Diesel Oil,0.1666667,190,25,13,606933,0500000US25013,25013,Hampden,Hampden County,MA,Massachusetts,06,1598035447,44416565,-72.5103|42.1977,"Hampden, MA",12950.251215078,6613.94912745562,77.3445325249682,2306.45362375739,765.512552683019,1070.92429649956,0.436070491188601,1048.69580257694
6081_003,6081,003,Pipeline Natural Gas,Stony Brook Energy Center,0.01086,1.9040736992384,,3.91913275220444,0.230819330694748,0.00495111158786224,7.94483401813892,120,2025,A,1,17.2906,2632.01709809533,6854.59253255129,85.6076900210909,2444511.329,MA,Pipeline Natural Gas,Diesel Oil,0.1666667,190,25,13,606933,0500000US25013,25013,Hampden,Hampden County,MA,Massachusetts,06,1598035447,44416565,-72.5103|42.1977,"Hampden, MA",12950.251215078,6613.94912745562,77.3445325249682,2306.45362375739,765.512552683019,1070.92429649956,0.436070491188601,1048.69580257694
6081_004,6081,004,Diesel Oil,Stony Brook Energy Center,0.0244538222222222,15.816370510397,,6.38624262161612,0.277543411657047,0.00840041579007275,13.9984558650823,120,2025,A,1,14.63968,439.25684165173,6507.37386566108,122.979399033612,292176.78,MA,Diesel Oil,"",0.1666667,85,25,13,606933,0500000US25013,25013,Hampden,Hampden County,MA,Massachusetts,06,1598035447,44416565,-72.5103|42.1977,"Hampden, MA",12950.251215078,6613.94912745562,77.3445325249682,2306.45362375739,765.512552683019,1070.92429649956,0.436070491188601,1048.69580257694
6081_005,6081,005,Diesel Oil,Stony Brook Energy Center,0.0244538222222222,16.2371717354029,,6.54532358397905,0.277543411657047,0.00840041579007275,13.9984558650823,120,2025,A,1,13.9064,480.684886573249,7120.8873003451,116.819542143068,278800.451,MA,Diesel Oil,"",0.1666667,85,25,13,606933,0500000US25013,25013,Hampden,Hampden County,MA,Massachusetts,06,1598035447,44416565,-72.5103|42.1977,"Hampden, MA",12950.251215078,6613.94912745562,77.3445325249682,2306.45362375739,765.512552683019,1070.92429649956,0.436070491188601,1048.69580257694
60903_1,60903,1,Pipeline Natural Gas,Salem Harbor Station NGCC,0.01086,0.0640245273907603,0.00422683521873137,3.97226406882884,,,,230,2025,A,1,1483.25012,3778.12680212011,994.365799577105,37.3943279717656,9785163.54030243,MA,Pipeline Natural Gas,"",12,399.1,25,9,606931,0500000US25009,25009,Essex,Essex County,MA,Massachusetts,06,1275604956,870173087,-70.8784|42.5256,"Essex, MA",14923.5283910355,7760.23476333848,69.4117599583048,2322.31916889071,874.588175474641,1183.96630557451,0.439070116235471,1055.8928601725
60903_2,60903,2,Pipeline Natural Gas,Salem Harbor Station NGCC,0.01086,0.0688732402726773,0.00418159996887337,3.9301582253795,,,,230,2025,A,1,1353.17387,3280.99769020137,678.930849388024,31.6734245277451,8845844.61875122,MA,Pipeline Natural Gas,"",12,399.1,25,9,606931,0500000US25009,25009,Essex,Essex County,MA,Massachusetts,06,1275604956,870173087,-70.8784|42.5256,"Essex, MA",14923.5283910355,7760.23476333848,69.4117599583048,2322.31916889071,874.588175474641,1183.96630557451,0.439070116235471,1055.8928601725
6635_AP-1,6635,AP-1,Pipeline Natural Gas,Alfred L Pierce Generating Station,0.01708,0.564580341978993,0.00706892344221478,6.28940196138336,,,,120,2025,A,1,53.63287,1013.75888522612,1361.93508427121,13.1782784716265,852702.543077908,CT,Pipeline Natural Gas,Diesel Oil,1,84,9,170,2830252,0500000US09170,9009,New Haven,South Central Connecticut Planning Region,CT,Connecticut,PL,951177351,653525530,-72.834|41.4485,"New Haven, CT",20654.9565704499,10322.5203023708,85.2773050916317,3095.7644941404,1152.23521530786,1378.31923345777,0.585301837270341,1406.74941795614
1507_4,1507,4,Residual Oil,William F Wyman,0.0628333333333333,1.75010389624996,6.51834263311426,3.53674585222802,,,,320,2025,A,1,1065.59707,77728.1905758872,129332.061386186,502179.364217996,8366486.78622269,ME,Residual Oil,"",24,649.1,23,5,581288,0500000US23005,23005,Cumberland,Cumberland County,ME,Maine,06,2165743897,987468030,-70.1569|43.75,"Cumberland, ME",817.075574366331,1330.72259805779,243.9327564249,926.151197157953,220.13443872491,210.21847301658,0.175103112110986,422.551791763062
1599_2,1599,2,Residual Oil,Canal Station,0.01708,1.4914899592238,2.20442736788696,3.77402201728352,,,,498,2025,A,1,525.6337,20291.3938001645,37788.4571984808,56489.2914449979,6823058.889866,MA,Residual Oil,Pipeline Natural Gas,12,580,25,1,606927,0500000US25001,25001,Barnstable,Barnstable County,MA,Massachusetts,06,1020973583,2360362409,-70.5097|41.7694,"Barnstable, MA",731.7982692747,1572.67216134102,277.647039833219,1021.34446795791,243.9327564249,212.201666158246,0.193100862392201,465.734137336432
1599_3,1599,3,Pipeline Natural Gas,Canal Station,0.01708,0.10167714187164,0.00609584457663146,6.62165645485426,,,,498,2025,A,1,831.91507,3346.64705497589,579.234419689293,32.0060097883344,7135478.91815083,MA,Pipeline Natural Gas,Diesel Oil,12,367.7,25,1,606927,0500000US25001,25001,Barnstable,Barnstable County,MA,Massachusetts,06,1020973583,2360362409,-70.5097|41.7694,"Barnstable, MA",731.7982692747,1572.67216134102,277.647039833219,1021.34446795791,243.9327564249,212.201666158246,0.193100862392201,465.734137336432
2364_1,2364,1,Coal,Merrimack,0.0109179898124098,2.76939075558232,1.3234666306897,8.666622222777,,,,445,2025,A,1,705.58133,68681.315144269,188014.236544669,69872.3838619588,6229465.77098407,NH,Coal,"",24,113.6,33,13,873180,0500000US33013,33013,Merrimack,Merrimack County,NH,New Hampshire,06,2416176927,57199007,-71.4692|43.1411,"Merrimack, NH",1899.89902971589,2572.20150474061,243.9327564249,1483.42846996606,362.924344924851,414.487366608163,0.280464941882265,675.34843980717
2364_2,2364,2,Coal,Merrimack,0.0109179898124098,2.56765666692014,1.52837194006152,7.6177985281105,,,,445,2025,A,1,1711.66564,81421.0830431853,214714.844626937,104985.937026517,14949916.5677459,NH,Coal,"",24,345.6,33,13,873180,0500000US33013,33013,Merrimack,Merrimack County,NH,New Hampshire,06,2416176927,57199007,-71.4692|43.1411,"Merrimack, NH",1899.89902971589,2572.20150474061,243.9327564249,1483.42846996606,362.924344924851,414.487366608163,0.280464941882265,675.34843980717
544_10,544,10,Other Oil,Devon,0.0244538222222222,13.7410996835443,,7.66666666666667,0.0982597055450186,0.00790484980629319,13.1722979241646,340,2025,A,1,2.07193,1621.9304690405,2886.58413158476,16.378295459153,26254.27,CT,Other Oil,"",1,18.6,9,120,2830245,0500000US09120,9001,Fairfield,Greater Bridgeport Planning Region,CT,Connecticut,PL,363067866,253764138,-73.1092|41.2083,"Fairfield, CT",12349.3436931533,6970.92389295547,27.7647039833219,2389.74773570735,840.873892066321,1003.49572968292,0.451818522684664,1086.48035495364
544_11,544,11,Pipeline Natural Gas,Devon,0.01708,8.65767837511731,0.20353445502078,6.09953495886088,,,,340,2025,A,1,10.15716,451.238594798102,5298.79964905112,135.303752890583,153944.71118,CT,Pipeline Natural Gas,Other Oil,1,43,9,120,2830245,0500000US09120,9001,Fairfield,Greater Bridgeport Planning Region,CT,Connecticut,PL,363067866,253764138,-73.1092|41.2083,"Fairfield, CT",12349.3436931533,6970.92389295547,27.7647039833219,2389.74773570735,840.873892066321,1003.49572968292,0.451818522684664,1086.48035495364
544_12,544,12,Pipeline Natural Gas,Devon,0.01708,8.27179382360997,0.191558956450288,6.06590724626521,,,,340,2025,A,1,10.04486,441.851625546119,5007.2382010769,127.181908076379,152431.38545,CT,Pipeline Natural Gas,Other Oil,1,43,9,120,2830245,0500000US09120,9001,Fairfield,Greater Bridgeport Planning Region,CT,Connecticut,PL,363067866,253764138,-73.1092|41.2083,"Fairfield, CT",12349.3436931533,6970.92389295547,27.7647039833219,2389.74773570735,840.873892066321,1003.49572968292,0.451818522684664,1086.48035495364
544_13,544,13,Pipeline Natural Gas,Devon,0.01708,8.41366691495125,0.206212147887324,6.02777174569616,,,,340,2025,A,1,8.9282,505.225070249439,5777.93574753039,161.103415595119,149796.61221,CT,Pipeline Natural Gas,Other Oil,1,43,9,120,2830245,0500000US09120,9001,Fairfield,Greater Bridgeport Planning Region,CT,Connecticut,PL,363067866,253764138,-73.1092|41.2083,"Fairfield, CT",12349.3436931533,6970.92389295547,27.7647039833219,2389.74773570735,840.873892066321,1003.49572968292,0.451818522684664,1086.48035495364
544_14,544,14,Pipeline Natural Gas,Devon,0.01708,8.21361608658744,0.183764077532541,5.98034083689556,,,,340,2025,A,1,9.0589,457.831522058508,5162.72062745964,126.402094487467,143332.54068,CT,Pipeline Natural Gas,Other Oil,1,43,9,120,2830245,0500000US09120,9001,Fairfield,Greater Bridgeport Planning Region,CT,Connecticut,PL,363067866,253764138,-73.1092|41.2083,"Fairfield, CT",12349.3436931533,6970.92389295547,27.7647039833219,2389.74773570735,840.873892066321,1003.49572968292,0.451818522684664,1086.48035495364
544_15,544,15,Diesel Oil,Devon,0.0244538222222222,0.122755539542425,0.00561183313173945,5.21685998369102,,,,340,2025,A,1,30.27893,563.812051593118,117.167091301159,5.48658308978885,260585.9384,CT,Diesel Oil,Pipeline Natural Gas,1,51,9,120,2830245,0500000US09120,9001,Fairfield,Greater Bridgeport Planning Region,CT,Connecticut,PL,363067866,253764138,-73.1092|41.2083,"Fairfield, CT",12349.3436931533,6970.92389295547,27.7647039833219,2389.74773570735,840.873892066321,1003.49572968292,0.451818522684664,1086.48035495364
544_16,544,16,Diesel Oil,Devon,0.0244538222222222,0.108351973845927,0.00569023155203776,5.17496614789414,,,,340,2025,A,1,30.65271,554.432085550031,100.596930670985,5.34114361901692,268600.29665,CT,Diesel Oil,Pipeline Natural Gas,1,51,9,120,2830245,0500000US09120,9001,Fairfield,Greater Bridgeport Planning Region,CT,Connecticut,PL,363067866,253764138,-73.1092|41.2083,"Fairfield, CT",12349.3436931533,6970.92389295547,27.7647039833219,2389.74773570735,840.873892066321,1003.49572968292,0.451818522684664,1086.48035495364
544_17,544,17,Diesel Oil,Devon,0.0244538222222222,0.113298919218878,0.00586198240097244,5.52593504901961,,,,340,2025,A,1,30.27864,528.849021486805,100.895782350307,5.14674990492711,263148.79118,CT,Diesel Oil,Pipeline Natural Gas,1,51,9,120,2830245,0500000US09120,9001,Fairfield,Greater Bridgeport Planning Region,CT,Connecticut,PL,363067866,253764138,-73.1092|41.2083,"Fairfield, CT",12349.3436931533,6970.92389295547,27.7647039833219,2389.74773570735,840.873892066321,1003.49572968292,0.451818522684664,1086.48035495364
544_18,544,18,Diesel Oil,Devon,0.0244538222222222,0.128329709775967,0.0059015784114053,5.43944132817537,,,,340,2025,A,1,29.78865,521.236756946297,111.39628778188,5.39011104813408,266491.21221,CT,Diesel Oil,Pipeline Natural Gas,1,51,9,120,2830245,0500000US09120,9001,Fairfield,Greater Bridgeport Planning Region,CT,Connecticut,PL,363067866,253764138,-73.1092|41.2083,"Fairfield, CT",12349.3436931533,6970.92389295547,27.7647039833219,2389.74773570735,840.873892066321,1003.49572968292,0.451818522684664,1086.48035495364
55317_11,55317,11,Pipeline Natural Gas,Fore River Energy Center,0.01086,0.054048155594181,0.00422281631569513,3.73865998434842,,,,255,2025,A,1,2367.14588,8427.07504126977,1253.00955941957,76.0877098423658,19356797.1615321,MA,Pipeline Natural Gas,Diesel Oil,24,593.6,25,21,606937,0500000US25021,25021,Norfolk,Norfolk County,MA,Massachusetts,06,1025902103,124954020,-70.9653|42.2417,"Norfolk, MA",9309.10860697951,5310.99123338115,49.5798285416463,2010.95784564917,654.453736749731,811.125994941333,0.380202474690664,914.6506048596
55317_12,55317,12,Pipeline Natural Gas,Fore River Energy Center,0.01086,0.0543469045095184,0.00440349807522177,4.00777564779513,,,,255,2025,A,1,2574.03532,8679.77614601548,1405.03613455094,81.644779746235,20711891.2316831,MA,Pipeline Natural Gas,Diesel Oil,24,593.6,25,21,606937,0500000US25021,25021,Norfolk,Norfolk County,MA,Massachusetts,06,1025902103,124954020,-70.9653|42.2417,"Norfolk, MA",9309.10860697951,5310.99123338115,49.5798285416463,2010.95784564917,654.453736749731,811.125994941333,0.380202474690664,914.6506048596
562_12,562,12,Diesel Oil,Middletown,0.01086,0.0747505754639234,0.00768555514507375,4.43183937146805,,,,266,2025,A,1,21.06538,485.284039131971,57.3399468615904,6.35366654562768,246405.6058,CT,Diesel Oil,Pipeline Natural Gas,0.1666667,60.5,9,130,2830246,0500000US09130,9007,Middlesex,Lower Connecticut River Valley Planning Region,CT,Connecticut,PL,1098459139,241084217,-72.5793|41.5544,"Middlesex, CT",4396.73919507319,2500.80655164064,251.865528991563,1223.63016840783,351.025186074856,374.823503774846,0.231346081739783,557.496621679846
562_13,562,13,Diesel Oil,Middletown,0.01086,0.0644228454501685,0.00741159123736158,4.43942915165643,,,,266,2025,A,1,19.92057,458.899890511596,48.9477821788871,5.86273102958854,231724.72162,CT,Diesel Oil,Pipeline Natural Gas,0.1666667,60.5,9,130,2830246,0500000US09130,9007,Middlesex,Lower Connecticut River Valley Planning Region,CT,Connecticut,PL,1098459139,241084217,-72.5793|41.5544,"Middlesex, CT",4396.73919507319,2500.80655164064,251.865528991563,1223.63016840783,351.025186074856,374.823503774846,0.231346081739783,557.496621679846
562_14,562,14,Diesel Oil,Middletown,0.01086,0.0538845216504194,0.00698761618680571,4.22501665154377,,,,266,2025,A,1,19.79681,481.329144887321,43.3954083843501,5.8925281768821,238427.03861,CT,Diesel Oil,Pipeline Natural Gas,0.1666667,60.5,9,130,2830246,0500000US09130,9007,Middlesex,Lower Connecticut River Valley Planning Region,CT,Connecticut,PL,1098459139,241084217,-72.5793|41.5544,"Middlesex, CT",4396.73919507319,2500.80655164064,251.865528991563,1223.63016840783,351.025186074856,374.823503774846,0.231346081739783,557.496621679846
562_15,562,15,Diesel Oil,Middletown,0.01086,0.0608936975481323,0.00695189512369042,4.35686119172293,,,,266,2025,A,1,21.94313,582.24570757459,57.4917333517214,7.11886640603019,256648.90897,CT,Diesel Oil,Pipeline Natural Gas,0.1666667,60.5,9,130,2830246,0500000US09130,9007,Middlesex,Lower Connecticut River Valley Planning Region,CT,Connecticut,PL,1098459139,241084217,-72.5793|41.5544,"Middlesex, CT",4396.73919507319,2500.80655164064,251.865528991563,1223.63016840783,351.025186074856,374.823503774846,0.231346081739783,557.496621679846
562_4,562,4,Residual Oil,Middletown,0.01086,3.14859425216768,3.64445485151555,5.33179409864987,,,,266,2025,A,1,126.72668,3041.12216451862,7894.43803573874,9987.75418472172,3016439.93623202,CT,Residual Oil,"",0.1666667,414.9,9,130,2830246,0500000US09130,9007,Middlesex,Lower Connecticut River Valley Planning Region,CT,Connecticut,PL,1098459139,241084217,-72.5793|41.5544,"Middlesex, CT",4396.73919507319,2500.80655164064,251.865528991563,1223.63016840783,351.025186074856,374.823503774846,0.231346081739783,557.496621679846
568_BHB5,568,BHB5,Pipeline Natural Gas,Bridgeport Harbor Station,0.01086,0.0391515417106801,0.00385871195529318,5.02594958243204,,,,298,2025,A,1,3248.26735,3402.82067833198,397.195366245405,34.362592090477,25370266.37489,CT,Pipeline Natural Gas,Diesel Oil,1,575.6,9,120,2830245,0500000US09120,9001,Fairfield,Greater Bridgeport Planning Region,CT,Connecticut,PL,363067866,253764138,-73.1843|41.1706,"Fairfield, CT",12349.3436931533,6970.92389295547,27.7647039833219,2389.74773570735,840.873892066321,1003.49572968292,0.451818522684664,1086.48035495364
6156_NHB1,6156,NHB1,Residual Oil,New Haven Harbor,0.0244538222222222,1.18943723059912,1.89047999522849,3.70274342106324,,,,389,2025,A,1,731.9055,62484.1980614071,94648.9221888132,149334.921874527,6738136.08145074,CT,Residual Oil,"Diesel Oil, Pipeline Natural Gas",24,460,9,170,2830252,0500000US09170,9009,New Haven,South Central Connecticut Planning Region,CT,Connecticut,PL,951177351,653525530,-72.9042|41.2836,"New Haven, CT",7617.44485713854,4077.44509926499,339.126027224861,1659.93265957432,521.579796258119,563.226852233102,0.313835770528684,755.415705557795
6156_NHHS2,6156,NHHS2,Diesel Oil,New Haven Harbor,0.0244538222222222,0.186710517671791,0.0057126198922612,4.36444116814815,,,,389,2025,A,1,115.22142,1425.22086318814,498.157562672552,13.9086742822706,750309.44110954,CT,Diesel Oil,Pipeline Natural Gas,24,60.5,9,170,2830252,0500000US09170,9009,New Haven,South Central Connecticut Planning Region,CT,Connecticut,PL,951177351,653525530,-72.9042|41.2836,"New Haven, CT",7617.44485713854,4077.44509926499,339.126027224861,1659.93265957432,521.579796258119,563.226852233102,0.313835770528684,755.415705557795
6156_NHHS3,6156,NHHS3,Diesel Oil,New Haven Harbor,0.0244538222222222,0.149570245735377,0.00584251654307851,4.39095345279721,,,,389,2025,A,1,118.00688,1277.47245759765,357.149442245473,12.8471987487492,744707.20346651,CT,Diesel Oil,Pipeline Natural Gas,24,60.5,9,170,2830252,0500000US09170,9009,New Haven,South Central Connecticut Planning Region,CT,Connecticut,PL,951177351,653525530,-72.9042|41.2836,"New Haven, CT",7617.44485713854,4077.44509926499,339.126027224861,1659.93265957432,521.579796258119,563.226852233102,0.313835770528684,755.415705557795
6156_NHHS4,6156,NHHS4,Diesel Oil,New Haven Harbor,0.0244538222222222,0.151468868501529,0.00718911314984709,4.40435927762473,,,,389,2025,A,1,103.05743,1022.27988701335,315.527393942948,12.7616318656085,634764.00320552,CT,Diesel Oil,Pipeline Natural Gas,24,60.5,9,170,2830252,0500000US09170,9009,New Haven,South Central Connecticut Planning Region,CT,Connecticut,PL,951177351,653525530,-72.9042|41.2836,"New Haven, CT",7617.44485713854,4077.44509926499,339.126027224861,1659.93265957432,521.579796258119,563.226852233102,0.313835770528684,755.415705557795
8002_1,8002,1,Residual Oil,Newington,0.00141,2.32691547494838,4.08221151808783,4.53907152043618,,,,410,2025,A,1,991.86923,156970.211372335,380974.058385118,654586.394985039,9502981.78900629,NH,Residual Oil,Pipeline Natural Gas,24,414,33,15,873181,0500000US33015,33015,Rockingham,Rockingham County,NH,New Hampshire,06,1801152748,258528921,-70.7834|43.0974,"Rockingham, NH",4263.86525458158,3323.83170543197,160.638644474934,1495.32762881605,442.252070591485,517.613409974788,0.282714660667417,680.746233003841
