Facility_Unit.ID,GEOID,County_old,GEOID_new,County_new,Facility_Name
542_13,9005,Litchfield,9001,Fairfield County,Cos Cob
542_14,9005,Litchfield,9001,Fairfield County,Cos Cob
544_10,9001,Fairfield,9009,New Haven County,Devon
544_11,9001,Fairfield,9009,New Haven County,Devon
544_12,9001,Fairfield,9009,New Haven County,Devon
544_13,9001,Fairfield,9009,New Haven County,Devon
544_14,9001,Fairfield,9009,New Haven County,Devon
544_15,9001,Fairfield,9009,New Haven County,Devon
544_16,9001,Fairfield,9009,New Haven County,Devon
544_17,9001,Fairfield,9009,New Haven County,Devon
544_18,9001,Fairfield,9009,New Haven County,Devon
55170_0001,33011,Hillsborough,33015,Rockingham County,Granite Ridge Energy
55170_0002,33011,Hillsborough,33015,Rockingham County,Granite Ridge Energy
